,id,query,tokens,prediction
0,0,چرا آخر ترم درس ها انقدر فشرده میشوند؟,"['آخر', 'ترم', 'درس\u200cها', 'انقدر', 'فشرده', 'میشوند']",4
1,1,فرجه این ترم چقدر است؟,"['فرجه', 'ترم']",1
2,2,صندلی های دانشگاه را ابری کنید!,"['صندلی\u200cهای', 'دانشگاه', 'ابری', 'کنید']",4
3,3,محل تشکیل امتحان,"['محل', 'تشکیل', 'امتحان']",2
4,4,دانشکده زیراکس دارد؟,"['دانشکده', 'زیراکس', 'دارد']",2
5,5,اتاق اساتید در کدام طبقه است؟,"['اتاق', 'اساتید', 'در', 'کدام', 'طبقه']",2
6,6,خوابگاه ها هنوز باز نشده اند؟,"['خوابگاه\u200cها', 'هنوز', 'باز', 'نشده\u200cاند']",2
7,7,حجم تمرین فلان درس خیلی بالاست!,"['حجم', 'تمرین', 'فلان', 'درس', 'خیلی', 'بالاست']",4
8,8,انتخاب واحد کی هست,"['انتخاب', 'واحد']",1
9,9,چجوری میتونم برم آموزش دانشکده؟,"['چجوری', 'میتونم', 'برم', 'آموزش', 'دانشکده']",2
10,10,بر روی کامپیوتر های سایت چه سیستم عاملی سوار است؟,"['بر', 'روی', 'کامپیوتر\u200cهای', 'سایت', 'سیستم', 'عاملی', 'سوار']",3
11,11,ترم دهم شامل سنوات,"['ترم', 'دهم', 'شامل', 'سنوات']",1
12,12,برای گرفتن وام دانشجویی باید به کجا مراجعه کنم؟,"['گرفتن', 'وام', 'دانشجویی', 'باید', 'کجا', 'مراجعه', 'کنم']",1
13,13,سیستم گرمایشی کلاس ها مناسب نیست.,"['سیستم', 'گرمایشی', 'کلاس\u200cها', 'مناسب']",4
14,14,کیفیت غذا در دانشگاه چگونه است؟,"['کیفیت', 'غذا', 'در', 'دانشگاه', 'چگونه']",5
15,15,تمرین هارا کجا آپلود کنیم؟,"['تمرین', 'هارا', 'کجا', 'آپلود', 'کنیم']",1
16,16,کلاس ها رو لطفا حضوری کنید.,"['کلاس\u200cها', 'لطفا', 'حضوری', 'کنید']",4
17,17,اموزش دانشکده کجا میباشد؟,"['اموزش', 'دانشکده', 'کجا', 'میباشد']",2
18,18,برای دروس افتاده باید شهریه پرداخت کرد؟,"['دروس', 'افتاده', 'باید', 'شهریه', 'پرداخت', 'کرد']",1
19,19,لطفا ترم بعد کلاس ها رو به صورت نیمه حضوری برگزار کنید.,"['لطفا', 'ترم', 'بعد', 'کلاس\u200cها', 'صورت', 'نیمه', 'حضوری', 'برگزار', 'کنید']",4
20,20,نزدیکترین بوفه نسبت به دانشکده کجاست؟,"['نزدیکترین', 'بوفه', 'نسبت', 'دانشکده', 'کجاست']",2
21,21,علایم کرونا چیست؟,"['علایم', 'کرونا', 'چیست']",5
22,22,این سیستم روشن نمیشود.,"['سیستم', 'روشن', 'نمیشود']",3
23,23,چرا امبدد رو فقط یک استاد ارائه میده؟,"['امبدد', 'فقط', 'یک', 'استاد', 'ارائه', 'میده']",4
24,24,دستشویی طبقه اول خراب است.,"['دستشویی', 'طبقه', 'اول', 'خراب']",4
25,25,ممکن است شرایط برگزاری امتحان را در سامانه قرار دهید؟,"['ممکن', 'شرایط', 'برگزاری', 'امتحان', 'در', 'سامانه', 'قرار', 'دهید']",4
26,26,بوفه خوب نزدیک دانشکده کجاست؟,"['بوفه', 'خوب', 'نزدیک', 'دانشکده', 'کجاست']",2
27,27,سیستم جستجوی کتابها کجاست؟,"['سیستم', 'جستجوی', 'کتابها', 'کجاست']",3
28,28,چرا درسهای اختیاری کمن؟,"['درسهای', 'اختیاری', 'کمن']",4
29,29,بسیج کجاست,"['بسیج', 'کجاست']",2
30,30,چنتا کتاب راجب فناوری اطلاعات دارین؟,"['چنتا', 'کتاب', 'راجب', 'فناوری', 'اطلاعات', 'دارین']",3
31,31,چرا هزینه ی ترم های تابستونی اینقدر زیاد است؟,"['هزینه\u200cی', 'ترم\u200cهای', 'تابستونی', 'اینقدر', 'زیاد']",4
32,32,کتاب ریاضی ۱ کجاست؟,"['کتاب', 'ریاضی', '۱', 'کجاست']",3
33,33,حالت چطوره؟,"['حالت', 'چطوره']",5
34,34,کتاب پترسون کی در کتابخانه موجود می شود؟,"['کتاب', 'پترسون', 'در', 'کتابخانه', 'موجود', 'می\u200cشود']",3
35,35,شرایط برخورداری از بیمه دانشجویی چیست؟,"['شرایط', 'برخورداری', 'بیمه', 'دانشجویی', 'چیست']",1
36,36,چه اساتیدی درس ایکس رو ارائه میدن؟,"['اساتیدی', 'درس', 'ایکس', 'ارائه', 'میدن']",1
37,37,هر ترم چند درس را می توان حذف اضطراری کرد؟,"['ترم', 'درس', 'می\u200cتوان', 'حذف', 'اضطراری', 'کرد']",1
38,38,فرجه ها را بیشتر کنید,"['فرجه\u200cها', 'بیشتر', 'کنید']",4
39,39,سایت بوفه دارد؟,"['سایت', 'بوفه', 'دارد']",2
40,40,هدف زندگی چیه؟,"['هدف', 'زندگی']",5
41,41,آیا گیم بازی کردن باعث افزایش عمر میشود؟,"['گیم', 'بازی', 'کردن', 'باعث', 'افزایش', 'عمر', 'میشود']",4
42,42,سال تاسيس کی است,"['سال', 'تاسیس']",2
43,43,معدل الف چند به بالاست؟,"['معدل', 'الف', 'بالاست']",1
44,44,چطور وارد انجمن های دانشجویی شوم,"['چطور', 'وارد', 'انجمن\u200cهای', 'دانشجویی', 'شوم']",5
45,45,چگونه میتوان به خوابگاه کوی دانشگاه رفت؟,"['چگونه', 'میتوان', 'خوابگاه', 'کوی', 'دانشگاه', 'رفت']",5
46,46,کلاس 102 کجاست؟,"['کلاس', '۱۰۲', 'کجاست']",2
47,47,چرا فرجه نداریم؟,"['فرجه', 'نداریم']",4
48,48,جمعه کدوم قسمت دانشگاه بازه؟,"['جمعه', 'کدوم', 'قسمت', 'دانشگاه', 'بازه']",2
49,49,توی طبقه دوم چه کلاس هایی هست؟,"['طبقه', 'دوم', 'کلاس', 'هایی']",2
50,50,کلاس 107 کجاست,"['کلاس', '۱۰۷', 'کجاست']",2
51,51,ببخشید ساعت چنده؟,"['ببخشید', 'ساعت', 'چنده']",2
52,52,کتاب رو با تاخیر تحویل بدم جریمه میشم؟,"['کتاب', 'تاخیر', 'تحویل', 'بدم', 'جریمه', 'میشم']",3
53,53,چگونه کارت دانشجویی گم شده ام را درخواست جدید بدهم؟,"['چگونه', 'کارت', 'دانشجویی', 'گم', 'شده\u200cام', 'درخواست', 'جدید', 'بدهم']",3
54,54,چرا کلاس ها حضوری نمیشوند؟,"['کلاس\u200cها', 'حضوری', 'نمیشوند']",4
55,55,مسئول مالی آموزش کل چه کسی است؟,"['مسئول', 'مالی', 'آموزش', 'کل', 'کسی']",2
56,56,انتخاب واحد ترم جدید چه تاریخی است؟,"['انتخاب', 'واحد', 'ترم', 'جدید', 'تاریخی']",1
57,57,می خواهم درخواست دهم تا درس رمزنگاری ارائه شود.,"['می\u200cخواهم', 'درخواست', 'دهم', 'درس', 'رمزنگاری', 'ارائه', 'شود']",1
58,58,میتونم تا ساعت 9 از کتابخانه استفاده کنم؟,"['میتونم', 'ساعت', '۹', 'کتابخانه', 'استفاده', 'کنم']",3
59,59,نمازخانه کجاست؟,"['نمازخانه', 'کجاست']",2
60,60,مهلت تحویل کتاب تا چند روز بعد از امانت گرفتن است؟,"['مهلت', 'تحویل', 'کتاب', 'روز', 'بعد', 'امانت', 'گرفتن']",3
61,61,رمز شناسه بهشتی را از کجا بگیرم؟,"['رمز', 'شناسه', 'بهشتی', 'کجا', 'بگیرم']",1
62,62,ترم آینده از چه زمانی شروع می شود؟,"['ترم', 'آینده', 'زمانی', 'شروع', 'می\u200cشود']",1
63,63,آموزشیارهای درس الگوریتم خوبند,"['آموزشیارهای', 'درس', 'الگوریتم', 'خوبند']",1
64,64,پکیج visual studio رو میتوان رو فلش بریزید؟,"['پکیج', 'visual', 'studio', 'میتوان', 'فلش', 'بریزید']",3
65,65,فوتبال دیشب را دیدید؟,"['فوتبال', 'دیشب', 'دیدید']",5
66,66,متوسط h-index استاد چیه؟,"['متوسط', 'h-index', 'استاد']",4
67,67,گربه های دورور دانشکده کجا رفتن؟,"['گربه\u200cهای', 'دورور', 'دانشکده', 'کجا', 'رفتن']",2
68,68,جریمه,['جریمه'],3
69,69,امتحان درس پایگاه داده در چه تاریخی برگزار میشه؟,"['امتحان', 'درس', 'پایگاه', 'داده', 'در', 'تاریخی', 'برگزار', 'میشه']",1
70,70,کجا پیش نیاز های دروس رو ببینم؟,"['کجا', 'پیش', 'نیاز\u200cهای', 'دروس', 'ببینم']",1
71,71,سطح بعضی امتحانات بیش از اندازه بالاتر از تدریس اساتید است,"['سطح', 'بعضی', 'امتحانات', 'بیش', 'اندازه', 'بالاتر', 'تدریس', 'اساتید']",4
72,72,حداکثرچند کتاب میتوانم بگیرم؟,"['حداکثرچند', 'کتاب', 'میتوانم', 'بگیرم']",3
73,73,چند واحد میتوان اخذ کرد؟,"['واحد', 'میتوان', 'اخذ', 'کرد']",1
74,74,تعداد غیبت های مجاز برای هر درس چند جلسه میباشد؟,"['تعداد', 'غیبت\u200cهای', 'مجاز', 'درس', 'جلسه', 'میباشد']",1
75,75,فرجه نداریم و واقعا نیازه,"['فرجه', 'نداریم', 'واقعا', 'نیازه']",4
76,76,برای حضوری شدن دانشگاه برنامه ای در نظر گرفته شده؟,"['حضوری', 'شدن', 'دانشگاه', 'برنامه\u200cای', 'در', 'نظر', 'گرفته', 'شده']",4
77,77,کارگاه کامپیوتر کجاست؟,"['کارگاه', 'کامپیوتر', 'کجاست']",2
78,78,تا چند کتاب میتوان قرض گرفت؟,"['کتاب', 'میتوان', 'قرض', 'گرفت']",3
79,79,مدرسه تکمیلی چند واحد داره ؟,"['مدرسه', 'تکمیلی', 'واحد', 'داره']",1
80,80,مسابقات مهیج بین دانشجویان در سال برگزار کنید,"['مسابقات', 'مهیج', 'بین', 'دانشجویان', 'در', 'سال', 'برگزار', 'کنید']",4
81,81,زمان جشن روز دانشکده کی است؟,"['زمان', 'جشن', 'روز', 'دانشکده']",2
82,82,پروژه های که اساتید میدن به شدت سخته.,"['پروژه\u200cهای', 'که', 'اساتید', 'میدن', 'شدت', 'سخته']",4
83,83,مهلت تحویل کتاب، مجازی هم قابل تمدید است؟,"['مهلت', 'تحویل', 'کتاب', 'مجازی', 'هم', 'قابل', 'تمدید']",3
84,84,دانشکده هر روز تا چه ساعتی باز است؟,"['دانشکده', 'روز', 'ساعتی', 'باز']",2
85,85,به هیچ وجه وسط کرونا داشگاه رو حضوری نکنید.,"['هیچ', 'وجه', 'وسط', 'کرونا', 'داشگاه', 'حضوری', 'نکنید']",4
86,86,بوفه ی دانشکده کجا هست؟,"['بوفه\u200cی', 'دانشکده', 'کجا']",2
87,87,برای صدور کارت دانشجویی المثنی به چه مدارکی نیازه؟,"['صدور', 'کارت', 'دانشجویی', 'المثنی', 'مدارکی', 'نیازه']",1
88,88,برای گرفتن مدارک به کجا باید مراجعه کرد؟,"['گرفتن', 'مدارک', 'کجا', 'باید', 'مراجعه', 'کرد']",1
89,89,جریمه دیرکرد رو کجا پرداخت کنم؟,"['جریمه', 'دیرکرد', 'کجا', 'پرداخت', 'کنم']",3
90,90,نظرسنجی اساتید را انجام ندهم مهم است؟,"['نظرسنجی', 'اساتید', 'انجام', 'ندهم', 'مهم']",1
91,91,چه روزهایی به معاون آموزشی می توان مراجعه کرد؟,"['روزهایی', 'معاون', 'آموزشی', 'می\u200cتوان', 'مراجعه', 'کرد']",2
92,92,چرا حین امتحانات پایان ترم بخشی از پروژه را می خواید؟,"['حین', 'امتحانات', 'پایان', 'ترم', 'بخشی', 'پروژه', 'می\u200cخواید']",1
93,93,چگونه میتوانم ترم را حذف کنم؟,"['چگونه', 'میتوانم', 'ترم', 'حذف', 'کنم']",1
94,94,آدرس اتاق دکتر قوامی زاده را بدهید.,"['آدرس', 'اتاق', 'دکتر', 'قوامی', 'زاده', 'بدهید']",2
95,95,مقدار وام دانشجویی چقدر است ؟,"['مقدار', 'وام', 'دانشجویی']",5
96,96,میشه تو نمازخونه خوابید؟,"['میشه', 'نمازخونه', 'خوابید']",2
97,97,اخرین چاپ کتاب معماری هریس چه زمانی میباشد؟,"['اخرین', 'چاپ', 'کتاب', 'معماری', 'هریس', 'زمانی', 'میباشد']",3
98,98,بهم واحد کم رسیده ، حالا چیکار کنم؟,"['بهم', 'واحد', 'کم', 'رسیده', 'حالا', 'چیکار', 'کنم']",1
99,99,نماز جماعت برگزار می,"['نماز', 'جماعت', 'برگزار', 'می']",2
100,100,لیست دروس ارائه شده را از کجا میتوانم ببینم؟,"['لیست', 'دروس', 'ارائه', 'شده', 'کجا', 'میتوانم', 'ببینم']",1
101,101,آیا می توانم روی کامپیوتر سایت نرم افزار نصب کنم؟,"['می\u200cتوانم', 'روی', 'کامپیوتر', 'سایت', 'نرم', 'افزار', 'نصب', 'کنم']",3
102,102,رمز اکانت را چگونه پیدا کنم؟,"['رمز', 'اکانت', 'چگونه', 'پیدا', 'کنم']",3
103,103,چجوری میتونم برای نمره اعتراض بزنم؟,"['چجوری', 'میتونم', 'نمره', 'اعتراض', 'بزنم']",1
104,104,آموزش کجاست؟,"['آموزش', 'کجاست']",2
105,105,تعداد مایکروویو های دانشکده رو زیاد کنید.,"['تعداد', 'مایکروویو\u200cهای', 'دانشکده', 'زیاد', 'کنید']",4
106,106,برای حذف ترم کیا باید تایید کنن ؟,"['حذف', 'ترم', 'کیا', 'باید', 'تایید', 'کنن']",1
107,107,بوفه مرکزی تا کی باز هست؟,"['بوفه', 'مرکزی', 'باز']",2
108,108,پایان امتحانات چه تاریخی است؟,"['پایان', 'امتحانات', 'تاریخی']",1
109,109,مسئول سلف بسیار ادم شریفی است.,"['مسئول', 'سلف', 'بسیار', 'ادم', 'شریفی']",4
110,110,پارک دانشگاه چمن ندارد.,"['پارک', 'دانشگاه', 'چمن', 'ندارد']",5
111,111,ورود ماشین به دانشگاه چطور ممکن است؟,"['ورود', 'ماشین', 'دانشگاه', 'چطور', 'ممکن']",5
112,112,امکان استفاده از سایت در چه ساعاتی فراهم است ؟,"['امکان', 'استفاده', 'سایت', 'در', 'ساعاتی', 'فراهم']",3
113,113,لابی خراب شده رسیدگی کنید,"['لابی', 'خراب', 'شده', 'رسیدگی', 'کنید']",4
114,114,اموزش برق کجاست,"['اموزش', 'برق', 'کجاست']",2
115,115,ترم بعدی چند واحد میتوانم انتخاب کنم؟,"['ترم', 'بعدی', 'واحد', 'میتوانم', 'انتخاب', 'کنم']",1
116,116,چرا آموزش حضوری را آغاز نمیکنید؟,"['آموزش', 'حضوری', 'آغاز', 'نمیکنید']",4
117,117,میشه دو ترم پشت هم حذف کرد؟,"['میشه', 'دو', 'ترم', 'پشت', 'هم', 'حذف', 'کرد']",1
118,118,چرا لابی دانشکده کامپیوتر را خراب کردید؟,"['لابی', 'دانشکده', 'کامپیوتر', 'خراب', 'کردید']",4
119,119,لطفا برگه من را امضا کنید.,"['لطفا', 'برگه', 'امضا', 'کنید']",4
120,120,بعضی اساتید کلاس جبرانی را در روزهای تعطیل برگزار میکنند.,"['بعضی', 'اساتید', 'کلاس', 'جبرانی', 'در', 'روزهای', 'تعطیل', 'برگزار', 'میکنند']",4
121,121,امور خوابگاها کجاست؟,"['امور', 'خوابگاها', 'کجاست']",2
122,122,چرا دانشکده اقدامی جهت اجرای فرجه امتحانات نمی کند؟,"['دانشکده', 'اقدامی', 'جهت', 'اجرای', 'فرجه', 'امتحانات', 'نمی\u200cکند']",4
123,123,میزان فرجه ها چند روز است؟,"['میزان', 'فرجه\u200cها', 'روز']",5
124,124,تاکسی داخل دانشگاه کجاست,"['تاکسی', 'داخل', 'دانشگاه', 'کجاست']",2
125,125,بهترین راه جلوگیری از بیماری های قلبی چیست؟,"['بهترین', 'راه', 'جلوگیری', 'بیماری\u200cهای', 'قلبی', 'چیست']",5
126,126,چه خبر؟,['خبر'],5
127,127,وام دانشجویی به من تعلق میگیرد؟,"['وام', 'دانشجویی', 'تعلق', 'میگیرد']",5
128,128,تعداد سری تمرین های درس نظریه زبان و ماشین چقدر است؟,"['تعداد', 'سری', 'تمرین\u200cهای', 'درس', 'نظریه', 'زبان', 'ماشین']",4
129,129,دستیار استاد بودن چه تاثیری دارد؟,"['دستیار', 'استاد', 'بودن', 'تاثیری', 'دارد']",4
130,130,تو دانشکده چند تا سایت هست؟,"['دانشکده', 'سایت']",2
131,131,کتاب فیزیک هالیدی در کتابخانه موجود است؟,"['کتاب', 'فیزیک', 'هالیدی', 'در', 'کتابخانه', 'موجود']",3
132,132,استاد نمرات را خیلی دیر اعلام میکند,"['استاد', 'نمرات', 'خیلی', 'دیر', 'اعلام', 'میکند']",4
133,133,تاریخ امروز چیست؟,"['تاریخ', 'امروز', 'چیست']",5
134,134,مهلت نظرسنجی اساتید تا کی است؟,"['مهلت', 'نظرسنجی', 'اساتید']",1
135,135,رئیس گروه نرم افزار کیست؟,"['رئیس', 'گروه', 'نرم', 'افزار', 'کیست']",2
136,136,من دوتا میخوام,"['دوتا', 'میخوام']",5
137,137,آیا میشه رو کامپیوتر ها بازی نصب کنم؟,"['میشه', 'کامپیوتر\u200cها', 'بازی', 'نصب', 'کنم']",3
138,138,نمازخانه کجاست؟,"['نمازخانه', 'کجاست']",2
139,139,چند ترم فرصت تحصیل داریم؟,"['ترم', 'فرصت', 'تحصیل', 'داریم']",1
140,140,ارسال کتاب ها به صورت پستی امکانش هست؟,"['ارسال', 'کتاب\u200cها', 'صورت', 'پستی', 'امکانش']",3
141,141,دیجی کالا چند سال است افتتاح شده؟,"['دیجی', 'کالا', 'سال', 'افتتاح', 'شده']",5
142,142,وبسایت کتابخونه چه آدرسیه؟,"['وبسایت', 'کتابخونه', 'آدرسیه']",3
143,143,دستگیره اتاق 104 خیلی سخت باز می شود.,"['دستگیره', 'اتاق', '۱۰۴', 'خیلی', 'سخت', 'باز', 'می\u200cشود']",4
144,144,اتاق جلسات کجا است,"['اتاق', 'جلسات', 'کجا']",2
145,145,چطور از اینجا برم میدون ونک؟,"['چطور', 'اینجا', 'برم', 'میدون', 'ونک']",1
146,146,درخواست افزایش سنوات باید به کجا بدهیم,"['درخواست', 'افزایش', 'سنوات', 'باید', 'کجا', 'بدهیم']",1
147,147,این ترم تابستون درس تخصصی ارائه میشه ؟,"['ترم', 'تابستون', 'درس', 'تخصصی', 'ارائه', 'میشه']",1
148,148,تاریخ تاسیس دانشگاه؟,"['تاریخ', 'تاسیس', 'دانشگاه']",2
149,149,حداکثر حجم اینترنت یک ماه چقدر هست؟,"['حداکثر', 'حجم', 'اینترنت', 'یک', 'ماه']",4
150,150,فعال شدن اتشفشان کوه دماوند,"['فعال', 'شدن', 'اتشفشان', 'کوه', 'دماوند']",5
151,151,سیلاب در جنوب ایران خسارت وارد کرد,"['سیلاب', 'در', 'جنوب', 'ایران', 'خسارت', 'وارد', 'کرد']",5
152,152,دانشگاه روز های جمعه باز است ؟,"['دانشگاه', 'روز\u200cهای', 'جمعه', 'باز']",2
153,153,چه شرکت هایی برای مدرسه تکمیلی در دانشکده درس ارائه می دهند؟,"['شرکت', 'هایی', 'مدرسه', 'تکمیلی', 'در', 'دانشکده', 'درس', 'ارائه', 'می\u200cدهند']",1
154,154,چگونه برنامه ی امتحان ها را ببینم؟,"['چگونه', 'برنامه\u200cی', 'امتحان\u200cها', 'ببینم']",1
155,155,چطوری توی رشته مهندسی کامپیوتر موفق بشم؟,"['چطوری', 'رشته', 'مهندسی', 'کامپیوتر', 'موفق', 'بشم']",5
156,156,فلان استاد کلاس را ضبط نمیکند,"['فلان', 'استاد', 'کلاس', 'ضبط', 'نمیکند']",4
157,157,به خود اساتید هم نظرسنجی ها را نشان میدهید؟,"['خود', 'اساتید', 'هم', 'نظرسنجی\u200cها', 'نشان', 'میدهید']",1
158,158,برنامه تحصیلی دانشگاه تهران چگونه است؟,"['برنامه', 'تحصیلی', 'دانشگاه', 'تهران', 'چگونه']",5
159,159,کلاس ۰۰۳ کجاست؟,"['کلاس', '۰۰۳', 'کجاست']",2
160,160,مسئول تیم ACM دانشکده کیه؟,"['مسئول', 'تیم', 'ACM', 'دانشکده']",2
161,161,میتوانم کتاب را نیاورم؟,"['میتوانم', 'کتاب', 'نیاورم']",3
162,162,مدرسه تکمیلی جزو واحد های اختیاری است؟,"['مدرسه', 'تکمیلی', 'جزو', 'واحد\u200cهای', 'اختیاری']",1
163,163,تو سایت می شود غذا خورد؟,"['سایت', 'می\u200cشود', 'غذا', 'خورد']",2
164,164,روزای تعطیل دانشکده بازه؟,"['روزای', 'تعطیل', 'دانشکده', 'بازه']",2
165,165,در صورت فراموشی رمز عبور در سامانه گلستان چه باید کرد؟,"['در', 'صورت', 'فراموشی', 'رمز', 'عبور', 'در', 'سامانه', 'گلستان', 'باید', 'کرد']",1
166,166,توزیع های bsd رو باید از نت بگیرم یا یه سروری تو دانشکده راتش ؟,"['توزیع\u200cهای', 'bsd', 'باید', 'نت', 'بگیرم', 'یه', 'سروری', 'دانشکده', 'راتش']",3
167,167,بوفه ی حقوق کجاست؟,"['بوفه\u200cی', 'حقوق', 'کجاست']",2
168,168,چند واحد می تونم بردارم؟,"['واحد', 'می\u200cتونم', 'بردارم']",1
169,169,کاش انتخاب واحد دانشجویی که واحد های کمتری داره رو برای اخذ یک درس اولویت بده,"['کاش', 'انتخاب', 'واحد', 'دانشجویی', 'که', 'واحد\u200cهای', 'کمتری', 'داره', 'اخذ', 'یک', 'درس', 'اولویت', 'بده']",1
170,170,تعداد واحد عملی که در ترم تابستان می توان اخذ کرد؟,"['تعداد', 'واحد', 'عملی', 'که', 'در', 'ترم', 'تابستان', 'می\u200cتوان', 'اخذ', 'کرد']",1
171,171,بوفه کجاست,"['بوفه', 'کجاست']",2
172,172,امروز چندم ماه است؟,"['امروز', 'چندم', 'ماه']",5
173,173,بعضی از اساتید بسیار مغرضانه عمل می کنند.,"['بعضی', 'اساتید', 'بسیار', 'مغرضانه', 'عمل', 'می\u200cکنند']",4
174,174,در ایام امتحانات تعداد تمارین و پروژه ها را کمتر کنید,"['در', 'ایام', 'امتحانات', 'تعداد', 'تمارین', 'پروژه\u200cها', 'کمتر', 'کنید']",4
175,175,حداکثر چقدر میشه یه کتابی قرض بگیریم؟,"['حداکثر', 'میشه', 'یه', 'کتابی', 'قرض', 'بگیریم']",3
176,176,آیا پس از حذف اخذ دوباره درس پولی میشود؟,"['پس', 'حذف', 'اخذ', 'دوباره', 'درس', 'پولی', 'میشود']",1
177,177,چرا درسهای عمومی مسخررو باید پاس کنیم؟,"['درسهای', 'عمومی', 'مسخررو', 'باید', 'پاس', 'کنیم']",1
178,178,در صورت الف شدن معدل چه اتفاقی میافتد؟,"['در', 'صورت', 'الف', 'شدن', 'معدل', 'اتفاقی', 'میافتد']",1
179,179,در حذف اضطراری چند درس حداکثر میتوان حذف کرد؟,"['در', 'حذف', 'اضطراری', 'درس', 'حداکثر', 'میتوان', 'حذف', 'کرد']",1
180,180,تاریخ امروز؟,"['تاریخ', 'امروز']",5
181,181,از قیمت ماشین چه خبر؟,"['قیمت', 'ماشین', 'خبر']",5
182,182,بسیاری از دروس دانشگاه به صورت کاربردی ارائه نمیشوند,"['بسیاری', 'دروس', 'دانشگاه', 'صورت', 'کاربردی', 'ارائه', 'نمیشوند']",4
183,183,ممکن است شرایط برگزاری امتحان را در سامانه قرار دهید؟,"['ممکن', 'شرایط', 'برگزاری', 'امتحان', 'در', 'سامانه', 'قرار', 'دهید']",4
184,184,چه ساعاتی می توانم از سالن مطالعه استفاده کنم؟,"['ساعاتی', 'می\u200cتوانم', 'سالن', 'مطالعه', 'استفاده', 'کنم']",3
185,185,واحدام به حد نصاب نرسیده باید چی کار کنم؟,"['واحدام', 'حد', 'نصاب', 'نرسیده', 'باید', 'چی', 'کار', 'کنم']",1
186,186,لیست دروس برای فراغت از تحصیل رو کجا میتونم ببینم؟,"['لیست', 'دروس', 'فراغت', 'تحصیل', 'کجا', 'میتونم', 'ببینم']",1
187,187,سطح امتحان فلان استاد از سطح تدریسش خیلی بالاتره,"['سطح', 'امتحان', 'فلان', 'استاد', 'سطح', 'تدریسش', 'خیلی', 'بالاتره']",4
188,188,مبلغ جریمه ی دیرکرد برگرداندن کتابها چه قدر است؟,"['مبلغ', 'جریمه\u200cی', 'دیرکرد', 'برگرداندن', 'کتابها', 'قدر']",3
189,189,شرایط موندن تو فضای مطالعه چجوریاست؟,"['شرایط', 'موندن', 'فضای', 'مطالعه', 'چجوریاست']",3
190,190,سرویس بهداشتی نظافت مناسبی ندارد,"['سرویس', 'بهداشتی', 'نظافت', 'مناسبی', 'ندارد']",4
191,191,چگونه برنامه نویس شوم؟,"['چگونه', 'برنامه', 'نویس', 'شوم']",5
192,192,سالن ورزشی کجاست؟,"['سالن', 'ورزشی', 'کجاست']",2
193,193,آموزش برق کجا است؟,"['آموزش', 'برق', 'کجا']",2
194,194,کلاس 102 کجاست,"['کلاس', '۱۰۲', 'کجاست']",2
195,195,توزیع نامناسب نمره توسط برخی اساتید و افزایش فشار به دانشجویان.,"['توزیع', 'نامناسب', 'نمره', 'توسط', 'برخی', 'اساتید', 'افزایش', 'فشار', 'دانشجویان']",4
196,196,دانشجو درک نمی شود.,"['دانشجو', 'درک', 'نمی\u200cشود']",4
197,197,رمز عبورسایت را فراموش کرده,"['رمز', 'عبورسایت', 'فراموش', 'کرده']",3
198,198,چگونه می توانم به لیست کتاب های موجود دسترسی داشته باشم؟,"['چگونه', 'می\u200cتوانم', 'لیست', 'کتاب\u200cهای', 'موجود', 'دسترسی', 'داشته_باشم']",3
199,199,مهمان ها چند روز امکان ماندن در خوابگاه دارند؟,"['مهمان\u200cها', 'روز', 'امکان', 'ماندن', 'در', 'خوابگاه', 'دارند']",5
200,200,در دانشکده محیطی برای بازی قرار دهید,"['در', 'دانشکده', 'محیطی', 'بازی', 'قرار', 'دهید']",4
201,201,مهارت های مورد نیاز یک توسعه دهنده ی بک اند چیست؟,"['مهارت\u200cهای', 'مورد', 'نیاز', 'یک', 'توسعه', 'دهنده\u200cی', 'بک', 'اند', 'چیست']",5
202,202,چرا اینقدر سرعت اینترنت دانشکده پایین است؟,"['اینقدر', 'سرعت', 'اینترنت', 'دانشکده', 'پایین']",4
203,203,آیا می توان استاد راهنما را عوض کرد؟,"['می\u200cتوان', 'استاد', 'راهنما', 'عوض', 'کرد']",1
204,204,هوا فردا چجوریه؟,"['هوا', 'فردا', 'چجوریه']",5
205,205,پیش نیاز های درس هوش مصنوعی چیه؟,"['پیش', 'نیاز\u200cهای', 'درس', 'هوش', 'مصنوعی']",1
206,206,برای ثبت نام باید کجا برم؟,"['ثبت', 'نام', 'باید', 'کجا', 'برم']",1
207,207,آیا امکان برداشتن درس از دانشکده برق وجود دارد ؟,"['امکان', 'برداشتن', 'درس', 'دانشکده', 'برق', 'وجود', 'دارد']",1
208,208,حذف و اضافه همه ورودی ها با همن ؟,"['حذف', 'اضافه', 'همه', 'ورودی\u200cها', 'همن']",1
209,209,پایان کلاس ها کی هست؟,"['پایان', 'کلاس\u200cها']",4
210,210,این کتابخونه با کتابخونه مرکزی در ارتباط هست؟,"['کتابخونه', 'کتابخونه', 'مرکزی', 'در', 'ارتباط']",3
211,211,نظرسنجی اساتید کی شروع می شود؟,"['نظرسنجی', 'اساتید', 'شروع', 'می\u200cشود']",1
212,212,سلف از چه ساعتی تا چه ساعتی باز است؟,"['سلف', 'ساعتی', 'ساعتی', 'باز']",2
213,213,چرا امکان انتقاد از سیستم حکومتی فراهم نیست ؟,"['امکان', 'انتقاد', 'سیستم', 'حکومتی', 'فراهم']",3
214,214,دروس این ترم کجا نشون میده؟,"['دروس', 'ترم', 'کجا', 'نشون', 'میده']",1
215,215,دانشکده واقعا نیاز به بوفه داره,"['دانشکده', 'واقعا', 'نیاز', 'بوفه', 'داره']",2
216,216,اوبونتو ام کرش میکند. چه کنم؟,"['اوبونتو', 'ام', 'کرش', 'میکند', 'کنم']",3
217,217,دفتر دکتر عطار؟,"['دفتر', 'دکتر', 'عطار']",2
218,218,نمازخانه یاز است؟,"['نمازخانه', 'یاز']",2
219,219,آیا کامپیوتری با سیستم لینوکس هست؟,"['کامپیوتری', 'سیستم', 'لینوکس']",3
220,220,شورای صنفی نباید منحل میشد.,"['شورای', 'صنفی', 'نباید', 'منحل', 'میشد']",4
221,221,سیستم عامل کامپیوتر های سایت چیه؟,"['سیستم', 'عامل', 'کامپیوتر\u200cهای', 'سایت']",3
222,222,آخرین مهلت نظرسنجی اساتید کی هست؟,"['آخرین', 'مهلت', 'نظرسنجی', 'اساتید']",1
223,223,ساعت کار بوفه را زیاد کنید.,"['ساعت', 'کار', 'بوفه', 'زیاد', 'کنید']",4
224,224,میتونم تا ساعت 9 از کتابخانه استفاده کنم؟,"['میتونم', 'ساعت', '۹', 'کتابخانه', 'استفاده', 'کنم']",3
225,225,حذف اظطراری نامه پزشک نیاز دارد؟,"['حذف', 'اظطراری', 'نامه', 'پزشک', 'نیاز', 'دارد']",1
226,226,کتابخانه برای افراد متخطی چه قوانینی دارد؟,"['کتابخانه', 'افراد', 'متخطی', 'قوانینی', 'دارد']",3
227,227,سنوات چگونه است؟,"['سنوات', 'چگونه']",1
228,228,فلش می توان از سایت قرض گرفت؟,"['فلش', 'می\u200cتوان', 'سایت', 'قرض', 'گرفت']",3
229,229,سقف تعداد کتابی که میتوانیم قرض بگیریم؟,"['سقف', 'تعداد', 'کتابی', 'که', 'میتوانیم', 'قرض', 'بگیریم']",3
230,230,چه کتاب هایی را نمیتوانم امانت بگیرم؟,"['کتاب', 'هایی', 'نمیتوانم', 'امانت', 'بگیرم']",3
231,231,شرایط معدل الف شدن چیه؟,"['شرایط', 'معدل', 'الف', 'شدن']",1
232,232,تقلب در امتحانات باعث چی میشود؟,"['تقلب', 'در', 'امتحانات', 'باعث', 'چی', 'میشود']",1
233,233,شرایط کارآموزی چیست؟,"['شرایط', 'کارآموزی', 'چیست']",1
234,234,کلاس 101 کجاست؟,"['کلاس', '۱۰۱', 'کجاست']",2
235,235,چند واحد در حذف و اضافه می شود حذف کرد؟,"['واحد', 'در', 'حذف', 'اضافه', 'می\u200cشود', 'حذف', 'کرد']",1
236,236,کی کتاب طراحی الگوریتم رو میارید؟,"['کتاب', 'طراحی', 'الگوریتم', 'میارید']",3
237,237,کارت دانشجویی بهتر است غیر فیزیکی شود.,"['کارت', 'دانشجویی', 'بهتر', 'غیر', 'فیزیکی', 'شود']",4
238,238,فضای اختصاص یافته به تشکل ها خیلی کمه!,"['فضای', 'اختصاص', 'یافته', 'تشکل\u200cها', 'خیلی', 'کمه']",4
239,239,میتونم تا ساعت 9 از کتابخانه استفاده کنم؟,"['میتونم', 'ساعت', '۹', 'کتابخانه', 'استفاده', 'کنم']",3
240,240,هوا بارونیه یا افتابی؟,"['هوا', 'بارونیه', 'افتابی']",5
241,241,مرا به اتاق دکتر قوامی زاده راهنمایی کنید.,"['مرا', 'اتاق', 'دکتر', 'قوامی', 'زاده', 'راهنمایی', 'کنید']",2
242,242,از کجا گواهی اشتغال به تحصیل بگیرم؟,"['کجا', 'گواهی', 'اشتغال', 'تحصیل', 'بگیرم']",1
243,243,استخر دانشگاه کچاس؟,"['استخر', 'دانشگاه', 'کچاس']",5
244,244,لطفا افزایش ظرفیت بدهید.,"['لطفا', 'افزایش', 'ظرفیت', 'بدهید']",4
245,245,چارت درسی را از کجا باید ببینم؟,"['چارت', 'درسی', 'کجا', 'باید', 'ببینم']",1
246,246,چند کتابخانه در دانشکاه وجود دارد؟,"['کتابخانه', 'در', 'دانشکاه', 'وجود', 'دارد']",3
247,247,استاد محمدی نمره رندوم میده.,"['استاد', 'محمدی', 'نمره', 'رندوم', 'میده']",4
248,248,پارکینگ جای پارک دارد؟,"['پارکینگ', 'جای', 'پارک', 'دارد']",5
249,249,ترم تابستان چقدر شهریه دارد؟,"['ترم', 'تابستان', 'شهریه', 'دارد']",1
250,250,آشپز دانشگاه رو عوض کنید,"['آشپز', 'دانشگاه', 'عوض', 'کنید']",4
251,251,دانشکده علوم کامپیوتر هم اینجاست؟,"['دانشکده', 'علوم', 'کامپیوتر', 'هم', 'اینجاست']",2
252,252,در صورت مفقود شدن یا ناقص شدن کتاب امانی چه باید کرد,"['در', 'صورت', 'مفقود', 'شدن', 'ناقص', 'شدن', 'کتاب', 'امانی', 'باید', 'کرد']",3
253,253,انتخاب واخد کیه ؟,"['انتخاب', 'واخد']",1
254,254,انتخاب واحد رسما انتخابی نداره و اجباریه.,"['انتخاب', 'واحد', 'رسما', 'انتخابی', 'نداره', 'اجباریه']",1
255,255,چرا هنگام درس خوابمان می آید؟,"['هنگام', 'درس', 'خوابمان', 'می\u200cآید']",1
256,256,کجا می توانم فوتبال دستی بازی کنم؟,"['کجا', 'می\u200cتوانم', 'فوتبال', 'دستی', 'بازی', 'کنم']",2
257,257,حیات خلوت دانشکده کجاس ؟,"['حیات', 'خلوت', 'دانشکده', 'کجاس']",2
258,258,دانشگاه چه روزایی بازه؟,"['دانشگاه', 'روزایی', 'بازه']",2
259,259,انجمن علمی دانشکده کجا هست؟,"['انجمن', 'علمی', 'دانشکده', 'کجا']",2
260,260,درس های ارایه شده ترم تابستان.,"['درس\u200cهای', 'ارایه', 'شده', 'ترم', 'تابستان']",1
261,261,چجوری می تونم کارت کتابخونه رو بگیرم؟,"['چجوری', 'می\u200cتونم', 'کارت', 'کتابخونه', 'بگیرم']",3
262,262,مهلت حذف و اضافه تا کی هست؟,"['مهلت', 'حذف', 'اضافه']",1
263,263,تاریخ اتمام ساخت برج آزادی,"['تاریخ', 'اتمام', 'ساخت', 'برج', 'آزادی']",1
264,264,دانشکده زمین شناسی کجاست,"['دانشکده', 'زمین', 'شناسی', 'کجاست']",2
265,265,برای مهمان شدن باید چیکار کنیم؟,"['مهمان', 'شدن', 'باید', 'چیکار', 'کنیم']",1
266,266,جشن دانشکده کجا برگزار می شود؟,"['جشن', 'دانشکده', 'کجا', 'برگزار', 'می\u200cشود']",2
267,267,فلان استاد رندوم نمره میدهد,"['فلان', 'استاد', 'رندوم', 'نمره', 'میدهد']",4
268,268,کلاس رفع اشکال ریاضی 2 اینجا برگزار میشه؟,"['کلاس', 'رفع', 'اشکال', 'ریاضی', '۲', 'اینجا', 'برگزار', 'میشه']",2
269,269,چگونه از سایت دانشکده استفاده کنیم؟,"['چگونه', 'سایت', 'دانشکده', 'استفاده', 'کنیم']",3
270,270,حذف ترم میشه کرد,"['حذف', 'ترم', 'میشه', 'کرد']",1
271,271,کلاس 101 کجا میشه؟,"['کلاس', '۱۰۱', 'کجا', 'میشه']",2
272,272,چگونه میتوان رئیس دانشگاه را ملاقات کرد؟,"['چگونه', 'میتوان', 'رئیس', 'دانشگاه', 'ملاقات', 'کرد']",5
273,273,کوارتوس دار سیستم,"['کوارتوس', 'دار', 'سیستم']",3
274,274,بخشش نمیخورد جریمه ها؟,"['بخشش', 'نمیخورد', 'جریمه\u200cها']",3
275,275,کلید در آمفی تئاتر را از چه کسی بگیریم؟,"['کلید', 'در', 'آمفی', 'تئاتر', 'کسی', 'بگیریم']",2
276,276,صندلی های جدید بسیارخوب است ممنون.,"['صندلی\u200cهای', 'جدید', 'بسیارخوب', 'ممنون']",4
277,277,امکانات کتابخانه چی هست؟,"['امکانات', 'کتابخانه', 'چی']",3
278,278,میشه کلاس هایی که هفت صبح شروع میشن را کمتر کنید؟,"['میشه', 'کلاس', 'هایی', 'که', 'هفت', 'صبح', 'شروع', 'میشن', 'کمتر', 'کنید']",1
279,279,چرا بعضی از آپشن ها مثل بازگشت به عقب در امتحان ها وجود ندارد؟,"['بعضی', 'آپشن\u200cها', 'مثل', 'بازگشت', 'عقب', 'در', 'امتحان\u200cها', 'وجود', 'ندارد']",4
280,280,شرط فوق لیسانس بدون آزمون چیه؟,"['شرط', 'فوق', 'لیسانس', 'بدون', 'آزمون']",5
281,281,آزمایشگاه معماری در کجا قرار دارد؟,"['آزمایشگاه', 'معماری', 'در', 'کجا', 'قرار', 'دارد']",2
282,282,آیا کتاب هوش مصنوعی موجود دارید؟,"['کتاب', 'هوش', 'مصنوعی', 'موجود', 'دارید']",3
283,283,دانشکده ادبیات کجاست؟,"['دانشکده', 'ادبیات', 'کجاست']",2
284,284,معاون آموزشی را کجا پیدا کنم؟,"['معاون', 'آموزشی', 'کجا', 'پیدا', 'کنم']",2
285,285,دانشگاه صبح از ساعت چند باز است؟,"['دانشگاه', 'صبح', 'ساعت', 'باز']",2
286,286,کیوسک میدونستی سوالای من توی ساخت تو نقش داشتن؟,"['کیوسک', 'میدونستی', 'سوالای', 'ساخت', 'نقش', 'داشتن']",5
287,287,شهریه ترم تابستان چقدر است؟,"['شهریه', 'ترم', 'تابستان']",1
288,288,چرا اکثر دروس تک استادی هستند؟,"['اکثر', 'دروس', 'تک', 'استادی', 'هستند']",1
289,289,دکتر قوامی زاده را کجا پیدا کنم؟,"['دکتر', 'قوامی', 'زاده', 'کجا', 'پیدا', 'کنم']",2
290,290,چرا در داخل دانشگاه گیم نت وجود ندارد ؟,"['در', 'داخل', 'دانشگاه', 'گیم', 'نت', 'وجود', 'ندارد']",5
291,291,شرایط دسترسی به پایان نامه ها چگونه است؟,"['شرایط', 'دسترسی', 'پایان', 'نامه\u200cها', 'چگونه']",1
292,292,ساعت کاری آموزش دانشکده چگونه است؟,"['ساعت', 'کاری', 'آموزش', 'دانشکده', 'چگونه']",2
293,293,حداکثر چند کتاب می توانم قرض بگیرم؟,"['حداکثر', 'کتاب', 'می\u200cتوانم', 'قرض', 'بگیرم']",3
294,294,جشن ها را بیشتر کنید,"['جشن\u200cها', 'بیشتر', 'کنید']",4
295,295,چند واحد می تونم بردارم؟,"['واحد', 'می\u200cتونم', 'بردارم']",1
296,296,دانشکده تا چه ساعتی بازه؟,"['دانشکده', 'ساعتی', 'بازه']",2
297,297,آی دی آموزش دانشکده رو می خواستم.,"['آی', 'دی', 'آموزش', 'دانشکده', 'می\u200cخواستم']",2
298,298,هنوز حذف اضطراری من رو تائید نکردن.,"['هنوز', 'حذف', 'اضطراری', 'تائید', 'نکردن']",1
299,299,جریمه دیرکرد تحویل چیست؟,"['جریمه', 'دیرکرد', 'تحویل', 'چیست']",3
300,300,اتاق معاونت دانشکده کجاست؟,"['اتاق', 'معاونت', 'دانشکده', 'کجاست']",2
301,301,میشه تو کامپیوترها خودمون برنامه نصب کنیم؟,"['میشه', 'کامپیوترها', 'خودمون', 'برنامه', 'نصب', 'کنیم']",3
302,302,اگر کمتر از 12 واحد بهمون رسید چی کار کنیم؟,"['اگر', 'کمتر', '۱۲', 'واحد', 'بهمون', 'رسید', 'چی', 'کار', 'کنیم']",1
303,303,شرایط حذف اضطراری چیست؟,"['شرایط', 'حذف', 'اضطراری', 'چیست']",1
304,304,نوشتن تمرین های هوش به نمره اش نمی ارزه,"['نوشتن', 'تمرین\u200cهای', 'هوش', 'نمره\u200cاش', 'نمی\u200cارزه']",4
305,305,فردا ابری است؟,"['فردا', 'ابری']",5
306,306,غذای روز سلف چیست؟,"['غذای', 'روز', 'سلف', 'چیست']",2
307,307,دانشکده الهیات کجاست؟,"['دانشکده', 'الهیات', 'کجاست']",2
308,308,برای تغییر استاد یک درس چگونه می توان اقدام کرد؟,"['تغییر', 'استاد', 'یک', 'درس', 'چگونه', 'می\u200cتوان', 'اقدام', 'کرد']",1
309,309,اگر مشروط شوم، چی میشه؟,"['اگر', 'مشروط', 'شوم', 'چی', 'میشه']",1
310,310,کجا می تونم از خود پرداز پول بگیرم؟,"['کجا', 'می\u200cتونم', 'خود', 'پرداز', 'پول', 'بگیرم']",2
311,311,کدام واکسن کرونا بهتر است؟,"['کدام', 'واکسن', 'کرونا', 'بهتر']",5
312,312,چگونه کارت عضویت کتابخانه را بگیرم؟,"['چگونه', 'کارت', 'عضویت', 'کتابخانه', 'بگیرم']",3
313,313,درس فیزیک 2 را چه کسی ارائه می دهد؟,"['درس', 'فیزیک', '۲', 'کسی', 'ارائه', 'می\u200cدهد']",1
314,314,چه اساتیدی ریکامندیشن میدن؟,"['اساتیدی', 'ریکامندیشن', 'میدن']",5
315,315,چجوری تایم قرض گرفتن کتابو تمدید کنم؟,"['چجوری', 'تایم', 'قرض', 'گرفتن', 'کتابو', 'تمدید', 'کنم']",3
316,316,عینکم کجاست,"['عینکم', 'کجاست']",2
317,317,تاریخ یک امتحان قابل جابجایی می باشد؟,"['تاریخ', 'یک', 'امتحان', 'قابل', 'جابجایی', 'می\u200cباشد']",1
318,318,دستشویی کجاست,"['دستشویی', 'کجاست']",2
319,319,اساتید یکم بروز تر شوند,"['اساتید', 'یکم', 'بروز\u200cتر', 'شوند']",4
320,320,چرا به ما فرجه نمیدین؟,"['فرجه', 'نمیدین']",4
321,321,امروز ناهار سلف چیه؟,"['امروز', 'ناهار', 'سلف']",5
322,322,بلیط هواپیما تهران به مشهد گران شده است.,"['بلیط', 'هواپیما', 'تهران', 'مشهد', 'گران', 'شده_است']",5
323,323,بازگشت به عقب را در امتحانات نبندید,"['بازگشت', 'عقب', 'در', 'امتحانات', 'نبندید']",4
324,324,مدت زمان نکهداشتن کتاب ماکسیمم چقدره؟,"['مدت', 'زمان', 'نکهداشتن', 'کتاب', 'ماکسیمم']",3
325,325,وقت غیر معقول برای امتحانات ندهید,"['وقت', 'غیر', 'معقول', 'امتحانات', 'ندهید']",4
326,326,کتابخونه کجاست؟,"['کتابخونه', 'کجاست']",2
327,327,آیا می توانم از منابع کتابخانه در خارج از کتابخانه استفاده نمایم؟,"['می\u200cتوانم', 'منابع', 'کتابخانه', 'در', 'خارج', 'کتابخانه', 'استفاده', 'نمایم']",3
328,328,کی میتونیم از سرویس داخلی دانشگاه استفاده کنیم؟,"['میتونیم', 'سرویس', 'داخلی', 'دانشگاه', 'استفاده', 'کنیم']",2
329,329,چطوری میشه خوابگاه گرفت؟,"['چطوری', 'میشه', 'خوابگاه', 'گرفت']",1
330,330,سالن داره دانشگاه؟,"['سالن', 'داره', 'دانشگاه']",5
331,331,امتحان فلان استاد خیلی پرفشاره,"['امتحان', 'فلان', 'استاد', 'خیلی', 'پرفشاره']",4
332,332,دبیرخانه دانشکده کجاست؟,"['دبیرخانه', 'دانشکده', 'کجاست']",2
333,333,آیا میتوان درخواست اضافه شدن یک درس اختیاری را داد؟,"['میتوان', 'درخواست', 'اضافه', 'شدن', 'یک', 'درس', 'اختیاری', 'داد']",1
334,334,عدد رنگی گراف چطور بدست می آید؟,"['عدد', 'رنگی', 'گراف', 'چطور', 'بدست', 'می\u200cآید']",5
335,335,معدل الف یعنی چی؟,"['معدل', 'الف', 'یعنی', 'چی']",1
336,336,سقف وام دانشجویی چقدر است؟,"['سقف', 'وام', 'دانشجویی']",1
337,337,امتحانات ترم بهار از کی شروع میشود؟,"['امتحانات', 'ترم', 'بهار', 'شروع', 'میشود']",1
338,338,کلاس درس ریاضی۱ کجاست؟,"['کلاس', 'درس', 'ریاضی۱', 'کجاست']",2
339,339,جریمه دیر دادن کتاب چند تومنه ؟,"['جریمه', 'دیر', 'دادن', 'کتاب', 'تومنه']",3
340,340,اخرین مهلت انتخاب واحد؟,"['اخرین', 'مهلت', 'انتخاب', 'واحد']",1
341,341,میشه تو حیاط خلوت دانشکده سیگار کشید ؟,"['میشه', 'حیاط', 'خلوت', 'دانشکده', 'سیگار', 'کشید']",2
342,342,چگونه میتوانم از سایت دانشکده استفاده کنم؟,"['چگونه', 'میتوانم', 'سایت', 'دانشکده', 'استفاده', 'کنم']",3
343,343,آزمایشگاه های دانشکده چیا هست؟,"['آزمایشگاه\u200cهای', 'دانشکده', 'چیا']",2
344,344,هر ماه چقدر اینترنت میتونم مصرف کنم؟,"['ماه', 'اینترنت', 'میتونم', 'مصرف', 'کنم']",3
345,345,کلاس 202 در دانشکده کامپیوتر کجا است ؟,"['کلاس', '۲۰۲', 'در', 'دانشکده', 'کامپیوتر', 'کجا']",2
346,346,می خوام برای ارائه شدن رمزنگاری درخواست بدم.,"['می\u200cخوام', 'ارائه', 'شدن', 'رمزنگاری', 'درخواست', 'بدم']",1
347,347,تا کی می توانم از سایت دانشکده استفاده کنم؟,"['می\u200cتوانم', 'سایت', 'دانشکده', 'استفاده', 'کنم']",3
348,348,اون دانشجویی که خودکشی کرد از دانشکده کامپیوتر بوده؟,"['دانشجویی', 'که', 'خودکشی', 'کرد', 'دانشکده', 'کامپیوتر', 'بوده']",2
349,349,چرا بر خلاف اکثر دانشگاه ها فرجه امتحانی نداریم؟,"['بر', 'خلاف', 'اکثر', 'دانشگاه\u200cها', 'فرجه', 'امتحانی', 'نداریم']",4
350,350,سلف ها مواد غذایی را از کجا میگیرند,"['سلف\u200cها', 'مواد', 'غذایی', 'کجا', 'میگیرند']",5
351,351,چرا لابی دانشکده رو اینکاری کردید؟,"['لابی', 'دانشکده', 'اینکاری', 'کردید']",4
352,352,نزدیک ترین راه به مترو,"['نزدیک\u200cترین', 'راه', 'مترو']",2
353,353,هوا چطوره,"['هوا', 'چطوره']",5
354,354,نزدیکترین دانشکده به دانشکده ما کجاست؟,"['نزدیکترین', 'دانشکده', 'دانشکده', 'کجاست']",2
355,355,ایا استفاده از کامپیوتر سایت محدودیت زمانی دارد؟,"['ایا', 'استفاده', 'کامپیوتر', 'سایت', 'محدودیت', 'زمانی', 'دارد']",3
356,356,چرا راه اعتراض به مشکلات دانشکده را نداریم؟,"['راه', 'اعتراض', 'مشکلات', 'دانشکده', 'نداریم']",4
357,357,اتاق معاونت آموزشی کجاست؟,"['اتاق', 'معاونت', 'آموزشی', 'کجاست']",2
358,358,در تدریس دروس علاوه بر بخش نظری بخش عملی نیز تدریس شود,"['در', 'تدریس', 'دروس', 'علاوه', 'بر', 'بخش', 'نظری', 'بخش', 'عملی', 'نیز', 'تدریس', 'شود']",4
359,359,مدیر آموزش کیست؟,"['مدیر', 'آموزش', 'کیست']",2
360,360,سر امتحان حاضر نشدم باید چه کنم؟,"['سر', 'امتحان', 'حاضر', 'نشدم', 'باید', 'کنم']",1
361,361,اتاق مدیر گروه طبقه چندم است؟,"['اتاق', 'مدیر', 'گروه', 'طبقه', 'چندم']",2
362,362,لابی نداریم لطفا فکری کنید,"['لابی', 'نداریم', 'لطفا', 'فکری', 'کنید']",4
363,363,برای انتخاب واحد منع که ندارم؟,"['انتخاب', 'واحد', 'منع', 'که', 'ندارم']",1
364,364,آیا کلاس های عملی این هفته تشکیل می شود؟,"['کلاس\u200cهای', 'عملی', 'هفته', 'تشکیل', 'می\u200cشود']",4
365,365,می تونیم توی سایت یه کلاس برگزار کنم؟,"['می\u200cتونیم', 'سایت', 'یه', 'کلاس', 'برگزار', 'کنم']",2
366,366,با توجه به شرایط و حجم تمرین ها بهتر است نمرات حل تمرین بیشتر از ده نمره باشد.,"['توجه', 'شرایط', 'حجم', 'تمرین\u200cها', 'بهتر', 'نمرات', 'حل', 'تمرین', 'بیشتر', 'ده', 'نمره']",4
367,367,آزمایشگاه پردازش زبان طبیعی کجاست؟,"['آزمایشگاه', 'پردازش', 'زبان', 'طبیعی', 'کجاست']",2
368,368,فرصت نظرسنجی اساتید تا کیه,"['فرصت', 'نظرسنجی', 'اساتید']",1
369,369,چطور باید ثبت نام کنم؟,"['چطور', 'باید', 'ثبت', 'نام', 'کنم']",1
370,370,سرویس های بهداشتی تمیز نیستن,"['سرویس\u200cهای', 'بهداشتی', 'تمیز', 'نیستن']",4
371,371,تعداد دستشویی را زیاد کنید,"['تعداد', 'دستشویی', 'زیاد', 'کنید']",4
372,372,برخی اساتید همیشه کلاس را دیر شروع میکنند و بی نظم هستند.,"['برخی', 'اساتید', 'همیشه', 'کلاس', 'دیر', 'شروع', 'میکنند', 'بی', 'نظم', 'هستند']",4
373,373,استاد ایکس خیلی بد نمره میده.,"['استاد', 'ایکس', 'خیلی', 'بد', 'نمره', 'میده']",4
374,374,کتابخونه کتاب آموزش الگوریتم داره؟,"['کتابخونه', 'کتاب', 'آموزش', 'الگوریتم', 'داره']",3
375,375,پس از اتمام دوره کارآموزی چه باید کرد ؟,"['پس', 'اتمام', 'دوره', 'کارآموزی', 'باید', 'کرد']",1
376,376,چقدر تا شروع فرجه مانده؟,"['شروع', 'فرجه', 'مانده']",1
377,377,آز فیزیک کجاست؟,"['آز', 'فیزیک', 'کجاست']",2
378,378,انقضای کارت عضویت کتابخانه چه مدت است؟,"['انقضای', 'کارت', 'عضویت', 'کتابخانه', 'مدت']",3
379,379,برای کتابخونه عضویت نیازه؟,"['کتابخونه', 'عضویت', 'نیازه']",3
380,380,در سامانه گلستان من استاد راهنما ندارم.,"['در', 'سامانه', 'گلستان', 'استاد', 'راهنما', 'ندارم']",1
381,381,قیمت زمین محله ولنجک چقدره,"['قیمت', 'زمین', 'محله', 'ولنجک']",5
382,382,اکثر سرویس های بهداشتی فاقد مایع دستشویی هستند.,"['اکثر', 'سرویس\u200cهای', 'بهداشتی', 'فاقد', 'مایع', 'دستشویی', 'هستند']",2
383,383,استاد وحیدی رو کجا می تونم پیدا کنم؟,"['استاد', 'وحیدی', 'کجا', 'می\u200cتونم', 'پیدا', 'کنم']",2
384,384,بوفه ی دانشکده پنجشنبه هم باز است؟,"['بوفه\u200cی', 'دانشکده', 'پنجشنبه', 'هم', 'باز']",2
385,385,میخوام تو خوابگاه مهمان شم.,"['میخوام', 'خوابگاه', 'مهمان', 'شم']",5
386,386,دنبال کار هستم.,"['دنبال', 'کار', 'هستم']",5
387,387,اساتیدی که در صنعت هستند را هم استخدام کنید.,"['اساتیدی', 'که', 'در', 'صنعت', 'هستند', 'هم', 'استخدام', 'کنید']",4
388,388,مدرسه تکمیلی پاس و رد هست؟,"['مدرسه', 'تکمیلی', 'پاس', 'رد']",1
389,389,چطور میتونم در یک درس مهمان شم؟,"['چطور', 'میتونم', 'در', 'یک', 'درس', 'مهمان', 'شم']",1
390,390,چرا دکتر مجیدی انقدر بد درس میده؟,"['دکتر', 'مجیدی', 'انقدر', 'بد', 'درس', 'میده']",4
391,391,سقف تعداد واحد برای معدل الف چیست؟,"['سقف', 'تعداد', 'واحد', 'معدل', 'الف', 'چیست']",1
392,392,کلاس ها کجا برگزار میشود؟,"['کلاس\u200cها', 'کجا', 'برگزار', 'میشود']",2
393,393,چطور می توانم انصراف از تحصیل دهم؟,"['چطور', 'می\u200cتوانم', 'انصراف', 'تحصیل', 'دهم']",1
394,394,توی محوطه دانشگاه تصادف شده,"['محوطه', 'دانشگاه', 'تصادف', 'شده']",5
395,395,برای انجام کارای کارآموزی کجا باید برم؟,"['انجام', 'کارای', 'کارآموزی', 'کجا', 'باید', 'برم']",1
396,396,دانشکده اتاق بازی داره؟,"['دانشکده', 'اتاق', 'بازی', 'داره']",2
397,397,آیا برای اخذ درس حذف شده باید شهریه بپردازیم؟,"['اخذ', 'درس', 'حذف', 'شده', 'باید', 'شهریه', 'بپردازیم']",1
398,398,از کجا میتوانم بفهمم چه مدارکی ناقص است؟,"['کجا', 'میتوانم', 'بفهمم', 'مدارکی', 'ناقص']",1
399,399,اگه مدارکمون تکمیل نباشه چی میشه؟,"['اگه', 'مدارکمون', 'تکمیل', 'نباشه', 'چی', 'میشه']",1
400,400,بهتر است بعضی درس ها مانند الگوریتم و نظریه با چند استاد ارائه شوند.,"['بهتر', 'بعضی', 'درس\u200cها', 'مانند', 'الگوریتم', 'نظریه', 'استاد', 'ارائه', 'شوند']",4
401,401,برنامه زمانی اساتید.,"['برنامه', 'زمانی', 'اساتید']",1
402,402,دانشگاه استخر دارد؟,"['دانشگاه', 'استخر', 'دارد']",5
403,403,کارت خوابگاه رو امور خوابگاه ها میده؟,"['کارت', 'خوابگاه', 'امور', 'خوابگاه\u200cها', 'میده']",2
404,404,امروز چه تاریخی هستیم؟,"['امروز', 'تاریخی', 'هستیم']",5
405,405,کلاس ها خیلی هوای سردی دارن.,"['کلاس\u200cها', 'خیلی', 'هوای', 'سردی', 'دارن']",4
406,406,امتحانات در تایم بیرون کلاس میباشد,"['امتحانات', 'در', 'تایم', 'بیرون', 'کلاس', 'میباشد']",4
407,407,برای استفاده از سایت باید اکانت ساخت؟,"['استفاده', 'سایت', 'باید', 'اکانت', 'ساخت']",3
408,408,آبسرد کن ها درست نمیشن؟,"['آبسرد', 'کن\u200cها', 'درست', 'نمیشن']",4
409,409,دانشکده پنج شنبه ها است؟,"['دانشکده', 'پنج', 'شنبه\u200cها']",2
410,410,آسانسور خراب شده است.,"['آسانسور', 'خراب', 'شده_است']",4
411,411,ناهارخوری ای در دانشکده تعبیه کنید,"['ناهارخوری', 'ای', 'در', 'دانشکده', 'تعبیه', 'کنید']",4
412,412,حراست کجاست؟,"['حراست', 'کجاست']",2
413,413,نسخه های موجود از کتاب سیستم عامل سیلبرشتز را می خواهم.,"['نسخه\u200cهای', 'موجود', 'کتاب', 'سیستم', 'عامل', 'سیلبرشتز', 'می\u200cخواهم']",3
414,414,درسای بیشتر واسه اختیاریا ارائه بدید.,"['درسای', 'بیشتر', 'واسه', 'اختیاریا', 'ارائه', 'بدید']",4
415,415,ایا میتوان کمتر از 12 واحد اخذ کرد؟,"['ایا', 'میتوان', 'کمتر', '۱۲', 'واحد', 'اخذ', 'کرد']",1
416,416,لطفا جشن های بیشتری برگزار کنید.,"['لطفا', 'جشن\u200cهای', 'بیشتری', 'برگزار', 'کنید']",4
417,417,آبسرد کن ها نصفشون خراب اند,"['آبسرد', 'کن\u200cها', 'نصفشون', 'خراب', 'اند']",4
418,418,دانشکده کامپیوتر چند کلاس دارد؟,"['دانشکده', 'کامپیوتر', 'کلاس', 'دارد']",2
419,419,اگر رمز گلستان را فراموش کنم باید چی کار کنم؟,"['اگر', 'رمز', 'گلستان', 'فراموش', 'کنم', 'باید', 'چی', 'کار', 'کنم']",1
420,420,مسیر دانشگاه خیلی بده,"['مسیر', 'دانشگاه', 'خیلی', 'بده']",5
421,421,چطوری باید از دانشکده های دیگر واجد برداریم؟,"['چطوری', 'باید', 'دانشکده\u200cهای', 'دیگر', 'واجد', 'برداریم']",1
422,422,تعداد دروس عملی دانشگاه تقریبا 0 است.,"['تعداد', 'دروس', 'عملی', 'دانشگاه', 'تقریبا', '۰']",4
423,423,مزایای الف بودن معدل چیست؟,"['مزایای', 'الف', 'بودن', 'معدل', 'چیست']",1
424,424,چگونه برای سلف غذا رزرو کنم؟,"['چگونه', 'سلف', 'غذا', 'رزرو', 'کنم']",2
425,425,ازچه مسیری می شه زود تر به دانشکده ی معماری رسید؟,"['ازچه', 'مسیری', 'می\u200cشه', 'زود\u200cتر', 'دانشکده\u200cی', 'معماری', 'رسید']",2
426,426,دستگاه چایی ساز قرار دهید.,"['دستگاه', 'چایی', 'ساز', 'قرار', 'دهید']",4
427,427,هالیدی کتابش هست؟,"['هالیدی', 'کتابش']",3
428,428,کیفیت غذا ها سلف را بهتر کنید,"['کیفیت', 'غذا\u200cها', 'سلف', 'بهتر', 'کنید']",4
429,429,مدرسه تکمیلی هم واحد اختیاری است؟,"['مدرسه', 'تکمیلی', 'هم', 'واحد', 'اختیاری']",1
430,430,نحوه انتخاب افراد دانشگاه چگونه است,"['نحوه', 'انتخاب', 'افراد', 'دانشگاه', 'چگونه']",5
431,431,سیستم های سایت خیلی ضعیفه,"['سیستم\u200cهای', 'سایت', 'خیلی', 'ضعیفه']",3
432,432,پراکندگی نمره در درس ها ی الگوریتم و هوش مصنوعی مناسب نیست.,"['پراکندگی', 'نمره', 'در', 'درس\u200cها', 'ی', 'الگوریتم', 'هوش', 'مصنوعی', 'مناسب']",1
433,433,چجوری میشه تاریخ امانت کتاب را تمدید کرد؟,"['چجوری', 'میشه', 'تاریخ', 'امانت', 'کتاب', 'تمدید', 'کرد']",3
434,434,برای نظام وظیفه چه مدارکی لازم است؟,"['نظام', 'وظیفه', 'مدارکی', 'لازم']",1
435,435,کتاب غیر درسی هم دارید؟,"['کتاب', 'غیر', 'درسی', 'هم', 'دارید']",3
436,436,ساعت دیواری بعضی کلاس ها عقب مانده است,"['ساعت', 'دیواری', 'بعضی', 'کلاس\u200cها', 'عقب', 'مانده_است']",4
437,437,امروز چندم ماه است؟,"['امروز', 'چندم', 'ماه']",5
438,438,اتاق دکتر شمس فرد کجاست,"['اتاق', 'دکتر', 'شمس', 'فرد', 'کجاست']",2
439,439,لپتاپم vga میخوره چه کنم ؟,"['لپتاپم', 'vga', 'میخوره', 'کنم']",2
440,440,نحوه انجام حذف تک درس.,"['نحوه', 'انجام', 'حذف', 'تک', 'درس']",1
441,441,تعداد واحد عملی که در ترم تابستان می توان اخذ کرد؟,"['تعداد', 'واحد', 'عملی', 'که', 'در', 'ترم', 'تابستان', 'می\u200cتوان', 'اخذ', 'کرد']",1
442,442,آیا می تونم یک درسی رو دانشگاه دیگه مهمان بشم؟,"['می\u200cتونم', 'یک', 'درسی', 'دانشگاه', 'دیگه', 'مهمان', 'بشم']",1
443,443,حداقل تعداد واحد موردنیاز برای ثبت ترم چند واحد است؟,"['حداقل', 'تعداد', 'واحد', 'موردنیاز', 'ثبت', 'ترم', 'واحد']",1
444,444,آبشار نیاگارا کجاست؟,"['آبشار', 'نیاگارا', 'کجاست']",2
445,445,مبانی برنامه نویسی تو کدوم کلاس برگزار میشه؟,"['مبانی', 'برنامه', 'نویسی', 'کدوم', 'کلاس', 'برگزار', 'میشه']",2
446,446,قدیمی ترین چاپ کتاب در کتابخانه مربوط به چه کتابی است؟,"['قدیمی\u200cترین', 'چاپ', 'کتاب', 'در', 'کتابخانه', 'مربوط', 'کتابی']",3
447,447,کی برای انتخاب واحد مسئوله؟,"['انتخاب', 'واحد', 'مسئوله']",1
448,448,استادا رو کنترل کنید امتحانا رو به بهونه مجازی بودن بیش حد سخت کردن.,"['استادا', 'کنترل', 'کنید', 'امتحانا', 'بهونه', 'مجازی', 'بودن', 'بیش', 'حد', 'سخت', 'کردن']",4
449,449,بهتر است کلاس ها به صورت افلاین هم در اختیار دانشجویان قرار گیرد,"['بهتر', 'کلاس\u200cها', 'صورت', 'افلاین', 'هم', 'در', 'اختیار', 'دانشجویان', 'قرار', 'گیرد']",4
450,450,آسانسور بصورت رندوم گیر میکند,"['آسانسور', 'بصورت', 'رندوم', 'گیر', 'میکند']",4
451,451,چه درس هایی تو ترم تابستون ارائه میشه؟,"['درس', 'هایی', 'ترم', 'تابستون', 'ارائه', 'میشه']",1
452,452,هزینه یک برگه کپی چه قدر است؟,"['هزینه', 'یک', 'برگه', 'کپی', 'قدر']",1
453,453,محلی مثل لابی قدیم برای تعامل درسی بین دانشجویان ایجاد کنید,"['محلی', 'مثل', 'لابی', 'قدیم', 'تعامل', 'درسی', 'بین', 'دانشجویان', 'ایجاد', 'کنید']",4
454,454,تو دانشکده امکانات رفاهی را بیشتر کنید,"['دانشکده', 'امکانات', 'رفاهی', 'بیشتر', 'کنید']",4
455,455,نزدیکترین بوفه به دانشکده کجاست؟,"['نزدیکترین', 'بوفه', 'دانشکده', 'کجاست']",2
456,456,آیا می توان تعداد کلاس ها را افزایش داد؟,"['می\u200cتوان', 'تعداد', 'کلاس\u200cها', 'افزایش', 'داد']",1
457,457,چگونه میتوانم از دانشکده خارج شم؟,"['چگونه', 'میتوانم', 'دانشکده', 'خارج', 'شم']",2
458,458,سایت سی دی هم دارد؟,"['سایت', 'سی', 'دی', 'هم', 'دارد']",3
459,459,چه سایتایی فیلترن ؟,"['سایتایی', 'فیلترن']",2
460,460,بار علمی دانشکده چطور است؟,"['بار', 'علمی', 'دانشکده', 'چطور']",2
461,461,چه درس هایی در ترم بعد ارایه می شود؟,"['درس', 'هایی', 'در', 'ترم', 'بعد', 'ارایه', 'می\u200cشود']",1
462,462,میشه پیش نیازی این درس رو برام همنیاز کنید؟,"['میشه', 'پیش', 'نیازی', 'درس', 'برام', 'همنیاز', 'کنید']",1
463,463,ظرفیت درس هوش مصنوعی زیاد میشه؟,"['ظرفیت', 'درس', 'هوش', 'مصنوعی', 'زیاد', 'میشه']",1
464,464,راه استفاده از سرور دانشگاه چیست؟,"['راه', 'استفاده', 'سرور', 'دانشگاه', 'چیست']",3
465,465,غذا های دانشگاه چی هستند؟,"['غذا\u200cهای', 'دانشگاه', 'چی', 'هستند']",2
466,466,کدام یک از شاخه های رشته ی کامپیوتر در آمد بالاتری دارد؟,"['کدام', 'یک', 'شاخه\u200cهای', 'رشته\u200cی', 'کامپیوتر', 'در', 'آمد', 'بالاتری', 'دارد']",5
467,467,فراهم کردن کرک نرم افزار های پولی دنیا برای دانشجویان,"['فراهم', 'کردن', 'کرک', 'نرم', 'افزار\u200cهای', 'پولی', 'دنیا', 'دانشجویان']",5
468,468,درمانگاه کجاست,"['درمانگاه', 'کجاست']",2
469,469,برای من در سامانه گلستان نقص مدارک ثبت شده، چه کار باید بکنم؟,"['در', 'سامانه', 'گلستان', 'نقص', 'مدارک', 'ثبت', 'شده', 'کار', 'باید', 'بکنم']",1
470,470,درس های ارائه شده این ترم رو میشه بگید؟,"['درس\u200cهای', 'ارائه', 'شده', 'ترم', 'میشه', 'بگید']",1
471,471,ماژیک می خوام که ببرم سر کلاس.,"['ماژیک', 'می\u200cخوام', 'که', 'ببرم', 'سر', 'کلاس']",4
472,472,بعضی از اساتید جواب دانشجو را به صورت درست و منطقی نمی دهند.,"['بعضی', 'اساتید', 'جواب', 'دانشجو', 'صورت', 'درست', 'منطقی', 'نمی\u200cدهند']",4
473,473,تاریخ نظرسنجی اساتید کی هست؟,"['تاریخ', 'نظرسنجی', 'اساتید']",1
474,474,چه معدلی مشروط حساب میشود؟,"['معدلی', 'مشروط', 'حساب', 'میشود']",1
475,475,بهترین منبع یادگیری ماشین لرنینگ چیست؟,"['بهترین', 'منبع', 'یادگیری', 'ماشین', 'لرنینگ', 'چیست']",5
476,476,خطر بیماری کرونا در ایران چه قدر است؟,"['خطر', 'بیماری', 'کرونا', 'در', 'ایران', 'قدر']",5
477,477,شماره آموزش کل چند است؟,"['شماره', 'آموزش', 'کل']",2
478,478,فلان استاد جواب اعتراض ها را نمیدهد,"['فلان', 'استاد', 'جواب', 'اعتراض\u200cها', 'نمیدهد']",4
479,479,کدوم در دانشگاه کمتر گیر میدن؟,"['کدوم', 'در', 'دانشگاه', 'کمتر', 'گیر', 'میدن']",2
480,480,استاد های دروس تخصصی را یکم بهتر کنید,"['استاد\u200cهای', 'دروس', 'تخصصی', 'یکم', 'بهتر', 'کنید']",4
481,481,نحوه ی گرفتن کتاب از کتابخانه؟,"['نحوه\u200cی', 'گرفتن', 'کتاب', 'کتابخانه']",3
482,482,خسته نشدین اینهمه خوندین؟,"['خسته', 'نشدین', 'اینهمه', 'خوندین']",5
483,483,رییس دانشکده شیمی کیست؟,"['رییس', 'دانشکده', 'شیمی', 'کیست']",2
484,484,دستگاه پس از دریافت پول، خوراکی را نمیدهد.,"['دستگاه', 'پس', 'دریافت', 'پول', 'خوراکی', 'نمیدهد']",1
485,485,ساعت کاری آموزش؟,"['ساعت', 'کاری', 'آموزش']",2
486,486,کجا می تونم با مشاور صحبت کنم؟,"['کجا', 'می\u200cتونم', 'مشاور', 'صحبت', 'کنم']",2
487,487,در محوطه دانشگاه تعداد صندلی برای نشستن افزایش یابد,"['در', 'محوطه', 'دانشگاه', 'تعداد', 'صندلی', 'نشستن', 'افزایش', 'یابد']",4
488,488,ایا در سایت کامپیوتر است؟,"['ایا', 'در', 'سایت', 'کامپیوتر']",3
489,489,چجوری می تونیم استادیار شویم؟,"['چجوری', 'می\u200cتونیم', 'استادیار', 'شویم']",1
490,490,بوفه دانشکده کجاست؟,"['بوفه', 'دانشکده', 'کجاست']",2
491,491,آخرین ساعتی که می شه دانشکده بود کیه؟,"['آخرین', 'ساعتی', 'که', 'می\u200cشه', 'دانشکده', 'بود']",3
492,492,چگون می توانم مهلت یک کتا ب را تمدید کنم؟,"['چگون', 'می\u200cتوانم', 'مهلت', 'یک', 'کتا', 'ب', 'تمدید', 'کنم']",1
493,493,آموزش دانشکده امار کجا است؟,"['آموزش', 'دانشکده', 'امار', 'کجا']",2
494,494,بن دانشجویی داده می,"['بن', 'دانشجویی', 'داده', 'می']",2
495,495,چطوری میتونم یک کتابو امانت بگیرم؟,"['چطوری', 'میتونم', 'یک', 'کتابو', 'امانت', 'بگیرم']",3
496,496,آیا کتاب داستان هم دارید؟,"['کتاب', 'داستان', 'هم', 'دارید']",3
497,497,چرا بوفه ی کامپیوتر باز نمیشه؟,"['بوفه\u200cی', 'کامپیوتر', 'باز', 'نمیشه']",2
498,498,بخش نشریات ادواری کتابخانه کجاست؟ مجلات,"['بخش', 'نشریات', 'ادواری', 'کتابخانه', 'کجاست', 'مجلات']",3
499,499,آیا امکلن برداشتن همزمان درس برنامه نویسی پیشزفته و ساختمان داده وجود دارد ؟,"['امکلن', 'برداشتن', 'همزمان', 'درس', 'برنامه', 'نویسی', 'پیشزفته', 'ساختمان', 'داده', 'وجود', 'دارد']",1
500,500,میز پینگ پونگ بیارید.,"['میز', 'پینگ', 'پونگ', 'بیارید']",4
501,501,تعداد آبخوری ها را افزایش دهید,"['تعداد', 'آبخوری\u200cها', 'افزایش', 'دهید']",4
502,502,تی ای این ترم درس سیگنال چه کسیه؟,"['تی', 'ای', 'ترم', 'درس', 'سیگنال', 'کسیه']",1
503,503,مبلغ وام دانشجویی چقدره؟,"['مبلغ', 'وام', 'دانشجویی']",5
504,504,از کجا باید توپ فوتبال دستی بگیرم ؟,"['کجا', 'باید', 'توپ', 'فوتبال', 'دستی', 'بگیرم']",2
505,505,آبنماهایی در دانشکده قرار دهید,"['آبنماهایی', 'در', 'دانشکده', 'قرار', 'دهید']",4
506,506,چرا فیلم های ضبط شده ی کلاس ها را نمی توانیم دانلود کنیم؟,"['فیلم\u200cهای', 'ضبط', 'شده\u200cی', 'کلاس\u200cها', 'نمی\u200cتوانیم', 'دانلود', 'کنیم']",4
507,507,حداکثر واحد های قابل اخذ چقدر است؟,"['حداکثر', 'واحد\u200cهای', 'قابل', 'اخذ']",1
508,508,سلف کجاعه؟,"['سلف', 'کجاعه']",2
509,509,پروژکتور اتاق 106 خیلی گرم می شه.,"['پروژکتور', 'اتاق', '۱۰۶', 'خیلی', 'گرم', 'می\u200cشه']",4
510,510,چطور کتابی را رزوز کنم؟,"['چطور', 'کتابی', 'رزوز', 'کنم']",3
511,511,مراحل دریافت اکانت روی سرور دانشکده چیست؟,"['مراحل', 'دریافت', 'اکانت', 'روی', 'سرور', 'دانشکده', 'چیست']",3
512,512,دستگاه فروش خودکار بیشتری در لابی و طبقه همکف قرار دهید.,"['دستگاه', 'فروش', 'خودکار', 'بیشتری', 'در', 'لابی', 'طبقه', 'همکف', 'قرار', 'دهید']",4
513,513,دوشنبه به دلیل شهادت تعطیل است؟,"['دوشنبه', 'دلیل', 'شهادت', 'تعطیل']",2
514,514,با عرض تاسف استادان اوضاع دانشجو ها رو در پروژه در نظر ندارن.,"['عرض', 'تاسف', 'استادان', 'اوضاع', 'دانشجو\u200cها', 'در', 'پروژه', 'در', 'نظر', 'ندارن']",4
515,515,کانفیگ سیستم ها چیست؟,"['کانفیگ', 'سیستم\u200cها', 'چیست']",3
516,516,برای استفاده از کتابخانه کارت دانشجویی لازم دارم؟,"['استفاده', 'کتابخانه', 'کارت', 'دانشجویی', 'لازم', 'دارم']",3
517,517,کارت ورود به جلسه برای امتحانات را کجا بگیرم؟,"['کارت', 'ورود', 'جلسه', 'امتحانات', 'کجا', 'بگیرم']",1
518,518,گوشیم کجاست,"['گوشیم', 'کجاست']",2
519,519,برا گرفتن کتاب از کتابخونه باید جایی ثبت نام کنم؟,"['برا', 'گرفتن', 'کتاب', 'کتابخونه', 'باید', 'جایی', 'ثبت', 'نام', 'کنم']",3
520,520,چگونه میتوانم اکانت بسازم؟,"['چگونه', 'میتوانم', 'اکانت', 'بسازم']",3
521,521,کلاس 103 کجاست,"['کلاس', '۱۰۳', 'کجاست']",2
522,522,برخی دروس منحصرا توسط یک استاد ارائه میشوند.,"['برخی', 'دروس', 'منحصرا', 'توسط', 'یک', 'استاد', 'ارائه', 'میشوند']",4
523,523,به لابی رسیدگی نمیکنید؟,"['لابی', 'رسیدگی', 'نمیکنید']",4
524,524,مایکرویو دانشکده کجاست؟,"['مایکرویو', 'دانشکده', 'کجاست']",2
525,525,آزمایشگاه ریزپردازنده کجاست؟,"['آزمایشگاه', 'ریزپردازنده', 'کجاست']",2
526,526,میشه تو اسم کتاب ها سرچ کرد؟,"['میشه', 'اسم', 'کتاب\u200cها', 'سرچ', 'کرد']",3
527,527,تعطیلی های سال جدید؟,"['تعطیلی\u200cهای', 'سال', 'جدید']",1
528,528,امبدد رو فقط یه استاد ارائه میده,"['امبدد', 'فقط', 'یه', 'استاد', 'ارائه', 'میده']",4
529,529,لطفا تعداد غیبت,"['لطفا', 'تعداد', 'غیبت']",4
530,530,روی کامپیوتر های سایت اوبونتو نصبه؟,"['روی', 'کامپیوتر\u200cهای', 'سایت', 'اوبونتو', 'نصبه']",3
531,531,تا کی میتونم حذف کنم؟,"['میتونم', 'حذف', 'کنم']",1
532,532,کیفیت غذا ها سلف را بیشتر کنید,"['کیفیت', 'غذا\u200cها', 'سلف', 'بیشتر', 'کنید']",4
533,533,کتاب هوش مصنوعی,"['کتاب', 'هوش', 'مصنوعی']",3
534,534,دکتر ابراهیمی مقدم چند سال سابقه تدریس دارند؟,"['دکتر', 'ابراهیمی', 'مقدم', 'سال', 'سابقه', 'تدریس', 'دارند']",2
535,535,معدل الف چه مزایایی در دانشکده دارد ؟,"['معدل', 'الف', 'مزایایی', 'در', 'دانشکده', 'دارد']",1
536,536,آخرین چاپ کتاب ساختمان داده برای چه سالی است؟,"['آخرین', 'چاپ', 'کتاب', 'ساختمان', 'داده', 'سالی']",3
537,537,دانشکده ادبیات کجاست؟,"['دانشکده', 'ادبیات', 'کجاست']",2
538,538,درسهای کارگاهی سنگین هستن.,"['درسهای', 'کارگاهی', 'سنگین', 'هستن']",4
539,539,اگر یک درس را بیفتیم، درس همنیازش هم افتاده حساب میشه؟,"['اگر', 'یک', 'درس', 'بیفتیم', 'درس', 'همنیازش', 'هم', 'افتاده', 'حساب', 'میشه']",1
540,540,چرا لابی رو تبدیل به دوتا کلاس کردید؟,"['لابی', 'تبدیل', 'دوتا', 'کلاس', 'کردید']",4
541,541,جریمه دیرکرد کتاب های کتابخوانه چقدر است؟,"['جریمه', 'دیرکرد', 'کتاب\u200cهای', 'کتابخوانه']",3
542,542,آیا می توانم استامینوفن بدون نسخه تهیه کنم؟,"['می\u200cتوانم', 'استامینوفن', 'بدون', 'نسخه', 'تهیه', 'کنم']",3
543,543,حداکثر واحد های انتخابی برای هر ترم چقدر است؟,"['حداکثر', 'واحد\u200cهای', 'انتخابی', 'ترم']",1
544,544,مایع ضد عفونی قرار نمیدهید؟,"['مایع', 'ضد', 'عفونی', 'قرار', 'نمیدهید']",4
545,545,آیا دکتر شاملی الان در اتاقشان حضور دارند؟,"['دکتر', 'شاملی', 'الان', 'در', 'اتاقشان', 'حضور', 'دارند']",2
546,546,دانشگاه ما کی حضوری میشه؟,"['دانشگاه', 'حضوری', 'میشه']",5
547,547,چند نمونه از کاربرد های هوش مصنوعی؟,"['نمونه', 'کاربرد\u200cهای', 'هوش', 'مصنوعی']",3
548,548,میخوام برم کلاس 101.,"['میخوام', 'برم', 'کلاس', '۱۰۱.']",2
549,549,کتاب CLRS رو دارید؟,"['کتاب', 'CLRS', 'دارید']",3
550,550,لابی دانشکده کجاست؟,"['لابی', 'دانشکده', 'کجاست']",2
551,551,دمای هوا چند درجه است؟,"['دمای', 'هوا', 'درجه']",5
552,552,مسیولان آموزش تمام بدبختیاشون رو سر ما خالی میکنن.,"['مسیولان', 'آموزش', 'تمام', 'بدبختیاشون', 'سر', 'خالی', 'میکنن']",4
553,553,قیمت گوشی جدید اپل چه قدر است؟,"['قیمت', 'گوشی', 'جدید', 'اپل', 'قدر']",5
554,554,آیا امکان تشکیل گروه درسی دیگری برای درس ریاضی ۱ وجود دارد؟,"['امکان', 'تشکیل', 'گروه', 'درسی', 'دیگری', 'درس', 'ریاضی', '۱', 'وجود', 'دارد']",1
555,555,به اینایی که رتبه میارن چی میدن؟,"['اینایی', 'که', 'رتبه', 'میارن', 'چی', 'میدن']",1
556,556,معدل الف چند واحد میتواند اخذ کند؟,"['معدل', 'الف', 'واحد', 'میتواند', 'اخذ', 'کند']",1
557,557,کلاس های کارگاهی از چه تاریخی تشکیل می شوند؟,"['کلاس\u200cهای', 'کارگاهی', 'تاریخی', 'تشکیل', 'می\u200cشوند']",1
558,558,آخرین چاپ کتاب الگوریتم را دارید؟,"['آخرین', 'چاپ', 'کتاب', 'الگوریتم', 'دارید']",3
559,559,درس برنامه نویسی پیشرفته این ترم را چه کسی ارائه میده؟,"['درس', 'برنامه', 'نویسی', 'پیشرفته', 'ترم', 'کسی', 'ارائه', 'میده']",1
560,560,چگونه غیبت به دلیل بیماری را گزارش دهیم؟,"['چگونه', 'غیبت', 'دلیل', 'بیماری', 'گزارش', 'دهیم']",1
561,561,نرم افزار فتوشاپ روی سیستمی از سایت نصب هست؟,"['نرم', 'افزار', 'فتوشاپ', 'روی', 'سیستمی', 'سایت', 'نصب']",3
562,562,لطفا بوفه ای برای دانشکده به صورت اختصاصی در نظر بگیرید.,"['لطفا', 'بوفه\u200cای', 'دانشکده', 'صورت', 'اختصاصی', 'در', 'نظر', 'بگیرید']",4
563,563,جشن یلدا کی و کجا برگزار می شود؟,"['جشن', 'یلدا', 'کجا', 'برگزار', 'می\u200cشود']",2
564,564,جایزه,['جایزه'],2
565,565,حد نصاب نمره قبولی در هر درس چه قدر میباشد؟,"['حد', 'نصاب', 'نمره', 'قبولی', 'در', 'درس', 'قدر', 'میباشد']",1
566,566,آیا برای ورود به دانشکده در روز های جمعه مجاز است؟,"['ورود', 'دانشکده', 'در', 'روز\u200cهای', 'جمعه', 'مجاز']",2
567,567,منطقیه سوال 12 قسمت تشریحی باشه هرکدوم چندخطی بعد 15 دقیقه وقت؟,"['منطقیه', 'سوال', '۱۲', 'قسمت', 'تشریحی', 'باشه', 'هرکدوم', 'چندخطی', 'بعد', '۱۵', 'دقیقه', 'وقت']",1
568,568,معمولا ارزشیابی استاید کیاست؟,"['معمولا', 'ارزشیابی', 'استاید', 'کیاست']",1
569,569,لطفا امکان بازگشت به عقب در امتحانات رو فعال کنید.,"['لطفا', 'امکان', 'بازگشت', 'عقب', 'در', 'امتحانات', 'فعال', 'کنید']",4
570,570,کل واحد های عملی کارشناسی چقدر است؟,"['کل', 'واحد\u200cهای', 'عملی', 'کارشناسی']",1
571,571,عده زیادی روزهای فرد در کتابخونه سر و صدا ایجاد میکنن.,"['عده', 'زیادی', 'روزهای', 'فرد', 'در', 'کتابخونه', 'سر', 'صدا', 'ایجاد', 'میکنن']",4
572,572,بهتر است قبل از امتحانات فرجه برای مطالعه داشته باشیم.,"['بهتر', 'قبل', 'امتحانات', 'فرجه', 'مطالعه', 'داشته_باشیم']",4
573,573,درخواست وام دانشجویی از کحا باید صورت بگیرد؟,"['درخواست', 'وام', 'دانشجویی', 'کحا', 'باید', 'صورت', 'بگیرد']",1
574,574,زمان های امتحانات را طوری بچینید که چند امتحان در یک روز نداشته باشیم,"['زمان\u200cهای', 'امتحانات', 'طوری', 'بچینید', 'که', 'امتحان', 'در', 'یک', 'روز', 'نداشته_باشیم']",1
575,575,در کتابخونه کتاب مربوط به مهندسی داده پیدا می شود؟,"['در', 'کتابخونه', 'کتاب', 'مربوط', 'مهندسی', 'داده', 'پیدا', 'می\u200cشود']",3
576,576,راه های ارتباطی با اساتید را بیشتر کنید.,"['راه\u200cهای', 'ارتباطی', 'اساتید', 'بیشتر', 'کنید']",4
577,577,برای ثبت نام باید کجا برم؟,"['ثبت', 'نام', 'باید', 'کجا', 'برم']",1
578,578,اگر مشروط شوم ،اخراج می شوم؟,"['اگر', 'مشروط', 'شوم', 'اخراج', 'می\u200cشوم']",1
579,579,تا چه ساعتی می توان از سایت استفاده کرد؟,"['ساعتی', 'می\u200cتوان', 'سایت', 'استفاده', 'کرد']",3
580,580,آبسردکن کجاست,"['آبسردکن', 'کجاست']",2
581,581,ایا دانشکده در تعتیلات رسمی بسته است؟,"['ایا', 'دانشکده', 'در', 'تعتیلات', 'رسمی', 'بسته_است']",2
582,582,درخواست حذف تک درس من رو دکتر شاملی تائید نکرده.,"['درخواست', 'حذف', 'تک', 'درس', 'دکتر', 'شاملی', 'تائید', 'نکرده']",1
583,583,در صورت فراموشی رمز عبور درس افزار چه باید کرد ؟,"['در', 'صورت', 'فراموشی', 'رمز', 'عبور', 'درس', 'افزار', 'باید', 'کرد']",1
584,584,از کجا باید توپ پینگ پنگ بگیرم ؟,"['کجا', 'باید', 'توپ', 'پینگ', 'پنگ', 'بگیرم']",2
585,585,فلان استاد تایم بیرون کلاس غیبت میزنه,"['فلان', 'استاد', 'تایم', 'بیرون', 'کلاس', 'غیبت', 'میزنه']",4
586,586,پنجشنبه ها دانشگاه باز است؟,"['پنجشنبه\u200cها', 'دانشگاه', 'باز']",2
587,587,چندبار میتونم حذف اضطرای کنم؟,"['چندبار', 'میتونم', 'حذف', 'اضطرای', 'کنم']",1
588,588,چه کارهایی به عنوان کار دانشجویی می توانم انجام داد؟,"['کارهایی', 'عنوان', 'کار', 'دانشجویی', 'می\u200cتوانم', 'انجام', 'داد']",1
589,589,آزمایشگاه پردازش زبان طبیعی کجاست؟,"['آزمایشگاه', 'پردازش', 'زبان', 'طبیعی', 'کجاست']",2
590,590,شرایط مهمان شدن چیست؟,"['شرایط', 'مهمان', 'شدن', 'چیست']",1
591,591,دانشکده فیزیک کجاست؟,"['دانشکده', 'فیزیک', 'کجاست']",2
592,592,نماز خونه کجاس ؟,"['نماز', 'خونه', 'کجاس']",2
593,593,آیا میتوانم دوستم را به دانشگاه بیاورم؟,"['میتوانم', 'دوستم', 'دانشگاه', 'بیاورم']",2
594,594,به تهرانی ها هم خوابگاه میدهند؟,"['تهرانی\u200cها', 'هم', 'خوابگاه', 'میدهند']",5
595,595,سیستم گرمایش و سرمایش دانشگاه دارای ایراد است.,"['سیستم', 'گرمایش', 'سرمایش', 'دانشگاه', 'دارای', 'ایراد']",4
596,596,برنامه هفتگیمو از کجا میتونم ببینم؟,"['برنامه', 'هفتگیمو', 'کجا', 'میتونم', 'ببینم']",1
597,597,بعضی از اساتید با دانشجو محترمانه رفتار نمیکنند.,"['بعضی', 'اساتید', 'دانشجو', 'محترمانه', 'رفتار', 'نمیکنند']",4
598,598,هر فرد چند ساعت میتواند از سایت استفاده کند؟,"['فرد', 'ساعت', 'میتواند', 'سایت', 'استفاده', 'کند']",2
599,599,کجا میتونم استراحت کنم؟,"['کجا', 'میتونم', 'استراحت', 'کنم']",2
600,600,کافه ها نزدیک دانشکده کجا هستند؟,"['کافه\u200cها', 'نزدیک', 'دانشکده', 'کجا', 'هستند']",2
601,601,رئیس جمهور فعلی فرانسه کیست؟,"['رئیس', 'جمهور', 'فعلی', 'فرانسه', 'کیست']",2
602,602,سطح تمرینات درس هوش مصنوعی بالاست.,"['سطح', 'تمرینات', 'درس', 'هوش', 'مصنوعی', 'بالاست']",4
603,603,چند گیگ اینترنت میتونم استفاده کنم؟,"['گیگ', 'اینترنت', 'میتونم', 'استفاده', 'کنم']",3
604,604,آیا می توان صحبت های دانشجویان موفق در دانشگاه را در یک کنفرانس بشنویم؟,"['می\u200cتوان', 'صحبت\u200cهای', 'دانشجویان', 'موفق', 'در', 'دانشگاه', 'در', 'یک', 'کنفرانس', 'بشنویم']",5
605,605,چرا زمان بین دو ترم در دانشکده ما فقط صرف انجام پروژه ها می شود؟,"['زمان', 'بین', 'دو', 'ترم', 'در', 'دانشکده', 'فقط', 'صرف', 'انجام', 'پروژه\u200cها', 'می\u200cشود']",4
606,606,چرا سیستم عامل فقط با یه استاد ارائه میشه؟,"['سیستم', 'عامل', 'فقط', 'یه', 'استاد', 'ارائه', 'میشه']",4
607,607,استخر دانشگاه کجاست؟,"['استخر', 'دانشگاه', 'کجاست']",2
608,608,آیا دانشکده پنج شنبه ها باز است؟,"['دانشکده', 'پنج', 'شنبه\u200cها', 'باز']",2
609,609,شرایط برداشتن رشته فرعی چیست؟,"['شرایط', 'برداشتن', 'رشته', 'فرعی', 'چیست']",1
610,610,سقف تعداد واحد برای معدل زیر الف چقدر است؟,"['سقف', 'تعداد', 'واحد', 'معدل', 'زیر', 'الف']",1
611,611,دانشجو های کارشناسی نباید گرایش انتخاب بکنن؟,"['دانشجو\u200cهای', 'کارشناسی', 'نباید', 'گرایش', 'انتخاب', 'بکنن']",1
612,612,کتاب های رشته کامپیوتر,"['کتاب\u200cهای', 'رشته', 'کامپیوتر']",3
613,613,دروس اختصاصی را تابستان هم میتوانیم برداریم؟,"['دروس', 'اختصاصی', 'تابستان', 'هم', 'میتوانیم', 'برداریم']",1
614,614,ظرفیت درسارو زیاد میکنید؟,"['ظرفیت', 'درسارو', 'زیاد', 'میکنید']",4
615,615,پایان نامه چند صفحه باید باشد؟,"['پایان', 'نامه', 'صفحه', 'باید']",1
616,616,ایمیل دکتر قوامی زاده را بدهید.,"['ایمیل', 'دکتر', 'قوامی', 'زاده', 'بدهید']",2
617,617,آیا چارت دروس رشته تحصیلی ارائه شده تا پایان دوره تحصیلی ثابت خواهد بود؟,"['چارت', 'دروس', 'رشته', 'تحصیلی', 'ارائه', 'شده', 'پایان', 'دوره', 'تحصیلی', 'ثابت', 'خواهد_بود']",1
618,618,تایم کلاس هارا کمتر نمیکنید؟,"['تایم', 'کلاس', 'هارا', 'کمتر', 'نمیکنید']",4
619,619,حداکثر زمانی که میتوانیم کتاب را نگه داریم چقدر است؟,"['حداکثر', 'زمانی', 'که', 'میتوانیم', 'کتاب', 'نگه', 'داریم']",3
620,620,کدام درس های جهاد دانشگاهی را ثبتنام کنم؟,"['کدام', 'درس\u200cهای', 'جهاد', 'دانشگاهی', 'ثبتنام', 'کنم']",1
621,621,چگونه مدرک خود را آزاد کنم؟,"['چگونه', 'مدرک', 'خود', 'آزاد', 'کنم']",1
622,622,بوفه ی دیگری هم هست؟,"['بوفه\u200cی', 'دیگری', 'هم']",1
623,623,امتحان های مجازی دانشجوها رو وادار به تقلب میکنن.,"['امتحان\u200cهای', 'مجازی', 'دانشجوها', 'وادار', 'تقلب', 'میکنن']",4
624,624,چه مدارکی را باید تحویل دهم که هنوز نداده ام؟,"['مدارکی', 'باید', 'تحویل', 'دهم', 'که', 'هنوز', 'نداده\u200cام']",1
625,625,زمان کاری بوفه تا چند است؟,"['زمان', 'کاری', 'بوفه']",2
626,626,اگر کتاب امانت گرفته شده را گم گردم باید چه کنم؟,"['اگر', 'کتاب', 'امانت', 'گرفته', 'شده', 'گم', 'گردم', 'باید', 'کنم']",3
627,627,سایت دانشکده کجاست؟,"['سایت', 'دانشکده', 'کجاست']",2
628,628,برای ثبت نام باید از کدام سایت اقدام کنم؟,"['ثبت', 'نام', 'باید', 'کدام', 'سایت', 'اقدام', 'کنم']",1
629,629,امتحانات کی شروع میشوند؟,"['امتحانات', 'شروع', 'میشوند']",1
630,630,کتابخانه کجاست؟,"['کتابخانه', 'کجاست']",2
631,631,مرکز خوابگاه ها کجاست؟,"['مرکز', 'خوابگاه\u200cها', 'کجاست']",2
632,632,چه مدل لباسی می توان پوشید؟,"['مدل', 'لباسی', 'می\u200cتوان', 'پوشید']",3
633,633,آیا در اهواز تا کنون برف باریده است؟,"['در', 'اهواز', 'کنون', 'برف', 'باریده']",5
634,634,یه کم به سلامت روان دانشجو اهمیت بدید.,"['یه', 'کم', 'سلامت', 'روان', 'دانشجو', 'اهمیت', 'بدید']",4
635,635,رمز عبور اینترنت دانشکده چیست ؟,"['رمز', 'عبور', 'اینترنت', 'دانشکده', 'چیست']",3
636,636,در انتخاب واحد ظرفیت برای درس ها را بیشتر کنید,"['در', 'انتخاب', 'واحد', 'ظرفیت', 'درس\u200cها', 'بیشتر', 'کنید']",4
637,637,تو سایت اوبونتو داریم؟,"['سایت', 'اوبونتو', 'داریم']",3
638,638,یکی از دانشجویان حال بدی دارد، او را کجا باید ببریم؟,"['یکی', 'دانشجویان', 'حال', 'بدی', 'دارد', 'او', 'کجا', 'باید', 'ببریم']",2
639,639,پایتخت یونان کجاست؟,"['پایتخت', 'یونان', 'کجاست']",2
640,640,اتاق استاد صادقی کجاست؟,"['اتاق', 'استاد', 'صادقی', 'کجاست']",2
641,641,اکانت دکتری حجم اضافه تری دارد؟,"['اکانت', 'دکتری', 'حجم', 'اضافه\u200cتری', 'دارد']",3
642,642,سقف تعداد واحد برای معدل الف چقدر است؟,"['سقف', 'تعداد', 'واحد', 'معدل', 'الف']",1
643,643,دانشکده چه ساعتی بسته میشه؟,"['دانشکده', 'ساعتی', 'بسته', 'میشه']",2
644,644,دانشکده تا ساعت چند باز است؟,"['دانشکده', 'ساعت', 'باز']",2
645,645,برای ثبت نام باید کجا برم؟,"['ثبت', 'نام', 'باید', 'کجا', 'برم']",1
646,646,دروس عمومی کجا ارايه میشه,"['دروس', 'عمومی', 'کجا', 'ارایه', 'میشه']",1
647,647,کامپیوتر شماره 22 مشکل دارد.,"['کامپیوتر', 'شماره', '۲۲', 'مشکل', 'دارد']",2
648,648,شرایط تغییر رشته چیه؟,"['شرایط', 'تغییر', 'رشته']",1
649,649,آموزش درستی از وظیفه استاد راهنما به ما دانشجویان گفته نشده.,"['آموزش', 'درستی', 'وظیفه', 'استاد', 'راهنما', 'دانشجویان', 'گفته', 'نشده']",4
650,650,فاصله ی بین شروع دو ترم کافی نیست.,"['فاصله\u200cی', 'بین', 'شروع', 'دو', 'ترم', 'کافی']",1
651,651,برنامه امتحانی رو کجا میتونم ببینم؟,"['برنامه', 'امتحانی', 'کجا', 'میتونم', 'ببینم']",1
652,652,آیا میتوانیم به صورت اینترنتی کتابی را ا درکتابخانه رزورو کنیم؟,"['میتوانیم', 'صورت', 'اینترنتی', 'کتابی', 'ا', 'درکتابخانه', 'رزورو', 'کنیم']",3
653,653,رمز اینترنت دانشکده چیست؟,"['رمز', 'اینترنت', 'دانشکده', 'چیست']",3
654,654,سربالایی دانشگاه اذیت کننده است,"['سربالایی', 'دانشگاه', 'اذیت', 'کننده']",5
655,655,آیا میتوانیم از سرور های دانشگاه استفاده کنیم؟,"['میتوانیم', 'سرور\u200cهای', 'دانشگاه', 'استفاده', 'کنیم']",2
656,656,چرا اندازه کلاس ها انقدر کوچک است؟,"['اندازه', 'کلاس\u200cها', 'انقدر', 'کوچک']",4
657,657,آب مایع است,"['آب', 'مایع']",4
658,658,بوفه مرکزی کجاست؟,"['بوفه', 'مرکزی', 'کجاست']",2
659,659,چه سالی هستیم الان؟,"['سالی', 'هستیم', 'الان']",5
660,660,با چه نمره ای مشروط می شویم؟,"['نمره\u200cای', 'مشروط', 'می\u200cشویم']",1
661,661,مدت استفاده از سایت دانشکده واسه هر فرد و هر مقطع چگونه است؟,"['مدت', 'استفاده', 'سایت', 'دانشکده', 'واسه', 'فرد', 'مقطع', 'چگونه']",3
662,662,نظرسنجی اساتید تا کی مهلت داره؟,"['نظرسنجی', 'اساتید', 'مهلت', 'داره']",1
663,663,آیا کتاب زبان اصلی در کتابخانه موجود است؟,"['کتاب', 'زبان', 'اصلی', 'در', 'کتابخانه', 'موجود']",3
664,664,اگر رمز عبور سامانه گلستان را فراموش کردیم چه کنیم؟,"['اگر', 'رمز', 'عبور', 'سامانه', 'گلستان', 'فراموش', 'کردیم', 'کنیم']",1
665,665,کارت دانشجویی ار کجا بگیرم؟,"['کارت', 'دانشجویی', 'ار', 'کجا', 'بگیرم']",2
666,666,سرپرست تیم ICPC دانشکده را کجا میتوانم ببینم؟,"['سرپرست', 'تیم', 'ICPC', 'دانشکده', 'کجا', 'میتوانم', 'ببینم']",2
667,667,چند غیبت در این ترم برایم ثبت شده است؟,"['غیبت', 'در', 'ترم', 'برایم', 'ثبت', 'شده_است']",1
668,668,شرایط ثبت نام افراد هیئت علمی چجوریه؟,"['شرایط', 'ثبت', 'نام', 'افراد', 'هیئت', 'علمی', 'چجوریه']",1
669,669,ون ها را بیشتر کنید,"['ون\u200cها', 'بیشتر', 'کنید']",4
670,670,کیفیت تدریس به سطح امتحان نزدیک نیست,"['کیفیت', 'تدریس', 'سطح', 'امتحان', 'نزدیک']",4
671,671,لطفا برای امتحانات ترم، فرجه در نظر بگیرید.,"['لطفا', 'امتحانات', 'ترم', 'فرجه', 'در', 'نظر', 'بگیرید']",4
672,672,سایت کجاست,"['سایت', 'کجاست']",2
673,673,امتحانات پایان ترم پائیز 1400 کیه؟,"['امتحانات', 'پایان', 'ترم', 'پائیز', '۱۴۰۰']",1
674,674,چرا امتحانات با یکدیگر تداخل دارند؟,"['امتحانات', 'یکدیگر', 'تداخل', 'دارند']",4
675,675,تعداد آبخوری های طبقات کم است,"['تعداد', 'آبخوری\u200cهای', 'طبقات', 'کم']",4
676,676,دوره کهاد چیه؟,"['دوره', 'کهاد']",1
677,677,میشه هم زمان دو رشته با هم خوند ؟,"['میشه', 'هم', 'زمان', 'دو', 'رشته', 'هم', 'خوند']",1
678,678,نمخوای کار کنی؟,"['نمخوای', 'کار', 'کنی']",5
679,679,ساعت حضور اساتید در دفترشان را از کجا بفهمیم,"['ساعت', 'حضور', 'اساتید', 'در', 'دفترشان', 'کجا', 'بفهمیم']",2
680,680,برای گرفتن کارنامه چه مراحلی نیاز است؟,"['گرفتن', 'کارنامه', 'مراحلی', 'نیاز']",1
681,681,دانشکده صبح ها چه ساعتی باز می شود؟,"['دانشکده', 'صبح\u200cها', 'ساعتی', 'باز', 'می\u200cشود']",2
682,682,بعضی کلاس ها را حضوری برگزار کنید,"['بعضی', 'کلاس\u200cها', 'حضوری', 'برگزار', 'کنید']",4
683,683,پس دانشگاه کی حضوری میشه؟,"['پس', 'دانشگاه', 'حضوری', 'میشه']",2
684,684,کتابخانه در روزهای تعطیل باز است؟,"['کتابخانه', 'در', 'روزهای', 'تعطیل', 'باز']",2
685,685,سربالایی دانشگاه خیلی بده,"['سربالایی', 'دانشگاه', 'خیلی', 'بده']",5
686,686,ساختمون IT کجاست؟,"['ساختمون', 'IT', 'کجاست']",2
687,687,آیا روی کامپیوتر های دانشکده جاوا نصب هست؟,"['روی', 'کامپیوتر\u200cهای', 'دانشکده', 'جاوا', 'نصب']",3
688,688,سایت دانشکده کی بازه.,"['سایت', 'دانشکده', 'بازه']",2
689,689,متروی نزدیک دانشگاه کجاست؟,"['متروی', 'نزدیک', 'دانشگاه', 'کجاست']",2
690,690,خوابگاه کجاست؟,"['خوابگاه', 'کجاست']",2
691,691,بخاطر آلودگی تعطیل نمیکنن؟,"['بخاطر', 'آلودگی', 'تعطیل', 'نمیکنن']",5
692,692,اگه کتابی که قرض گرفتم رو گم کردم باید چیکار کنم؟,"['اگه', 'کتابی', 'که', 'قرض', 'گرفتم', 'گم', 'کردم', 'باید', 'چیکار', 'کنم']",3
693,693,فوتبال دستی کجاست؟,"['فوتبال', 'دستی', 'کجاست']",2
694,694,ایستگاه ون های دانشگاه کجاست؟,"['ایستگاه', 'ون\u200cهای', 'دانشگاه', 'کجاست']",2
695,695,چرا شماره دانشجویی ام روی کتاب نخورده؟,"['شماره', 'دانشجویی', 'ام', 'روی', 'کتاب', 'نخورده']",3
696,696,چه دروسی این ترم ارائه شده؟,"['دروسی', 'ترم', 'ارائه', 'شده']",1
697,697,می خواهم با دکتر صفائی دیدار کنم.,"['می\u200cخواهم', 'دکتر', 'صفائی', 'دیدار', 'کنم']",2
698,698,از کجا میشه درس رو حذف کرد؟,"['کجا', 'میشه', 'درس', 'حذف', 'کرد']",1
699,699,شروع ترم جدید از چه تاریخیه؟,"['شروع', 'ترم', 'جدید', 'تاریخیه']",1
700,700,صابقه داشته که مهلت حذف ترم تمدید بشه ؟,"['صابقه', 'داشته', 'که', 'مهلت', 'حذف', 'ترم', 'تمدید', 'بشه']",1
701,701,سایت گلستان رو عوض کنید,"['سایت', 'گلستان', 'عوض', 'کنید']",4
702,702,سرویس بهداشتی کجاست؟,"['سرویس', 'بهداشتی', 'کجاست']",2
703,703,صد سال دیگر اینجا چه شکلی است؟,"['صد', 'سال', 'دیگر', 'اینجا', 'شکلی']",1
704,704,استاد فلان درس غیبت میکند و ما باید تاوانش را بدهیم,"['استاد', 'فلان', 'درس', 'غیبت', 'میکند', 'باید', 'تاوانش', 'بدهیم']",1
705,705,پایه اکثر صندلی های دانشکده لق می زند.,"['پایه', 'اکثر', 'صندلی\u200cهای', 'دانشکده', 'لق', 'می\u200cزند']",4
706,706,باشگاه دانشگاه چه ورزش هایی داره؟,"['باشگاه', 'دانشگاه', 'ورزش', 'هایی', 'داره']",2
707,707,هوا گاز است,"['هوا', 'گاز']",5
708,708,از کدام در بیاییم زودتر میرسیم؟,"['کدام', 'در', 'بیاییم', 'زودتر', 'میرسیم']",2
709,709,راه ارتباطی با فلان استاد چیست؟,"['راه', 'ارتباطی', 'فلان', 'استاد', 'چیست']",2
710,710,سایت ددانشکده در روزهای تعطیل باز است؟,"['سایت', 'ددانشکده', 'در', 'روزهای', 'تعطیل', 'باز']",2
711,711,فیریلنسری کار کردن رو چجوری شروع کنم؟,"['فیریلنسری', 'کار', 'کردن', 'چجوری', 'شروع', 'کنم']",1
712,712,ارتباط صنعت با دانشگاه را بیشتر کنید.,"['ارتباط', 'صنعت', 'دانشگاه', 'بیشتر', 'کنید']",4
713,713,شیر دستشویی خراب است رسیدگی کنید.,"['شیر', 'دستشویی', 'خراب', 'رسیدگی', 'کنید']",4
714,714,لابی دانشکده کامپیوتر کجا است؟,"['لابی', 'دانشکده', 'کامپیوتر', 'کجا']",2
715,715,نمره لازم برای پاس شدن چنده ؟,"['نمره', 'لازم', 'پاس', 'شدن', 'چنده']",1
716,716,چطور به نمراتمون اعتراض کنیم.,"['چطور', 'نمراتمون', 'اعتراض', 'کنیم']",1
717,717,اساتید خودشان دیر میاید ولی ما ۱ دقیقه دیر برسیم غیبت میزنند.,"['اساتید', 'خودشان', 'دیر', 'میاید', 'ولی', '۱', 'دقیقه', 'دیر', 'برسیم', 'غیبت', 'میزنند']",4
718,718,چرا وقتی درس پروژه ای تعریف نشده پروژه میدین؟,"['وقتی', 'درس', 'پروژه\u200cای', 'تعریف', 'نشده', 'پروژه', 'میدین']",4
719,719,مدتی که می شه کتاب امانت گرفت چقدره؟,"['مدتی', 'که', 'می\u200cشه', 'کتاب', 'امانت', 'گرفت']",3
720,720,رمزعبور اینترنت دانشکده رو میخواستم.,"['رمزعبور', 'اینترنت', 'دانشکده', 'میخواستم']",3
721,721,پایان ترم پاییز کی است؟,"['پایان', 'ترم', 'پاییز']",1
722,722,چه انجمن علمی هایی تو دانشکده وجود داره؟,"['انجمن', 'علمی', 'هایی', 'دانشکده', 'وجود', 'داره']",2
723,723,درآمد یک توسعه دهنده ی ارشد فرانت چه قدر است؟,"['درآمد', 'یک', 'توسعه', 'دهنده\u200cی', 'ارشد', 'فرانت', 'قدر']",5
724,724,برای ثبت,['ثبت'],1
725,725,بارش برف در ایران کم شده است,"['بارش', 'برف', 'در', 'ایران', 'کم', 'شده_است']",4
726,726,باشگاه دانشگاه چه ورزش هایی داره؟,"['باشگاه', 'دانشگاه', 'ورزش', 'هایی', 'داره']",2
727,727,حذف تکدرس کی شروع می,"['حذف', 'تکدرس', 'شروع', 'می']",1
728,728,چگونه ویندوز را کرک کنم؟,"['چگونه', 'ویندوز', 'کرک', 'کنم']",3
729,729,نمازخانه کجاست؟,"['نمازخانه', 'کجاست']",2
730,730,تعطیلات بین دو ترم خیلی کم است,"['تعطیلات', 'بین', 'دو', 'ترم', 'خیلی', 'کم']",4
731,731,شرایط مشروطی چیاس ؟,"['شرایط', 'مشروطی', 'چیاس']",1
732,732,شماره تلفن دفتر خانم دکتر شمس فرد؟,"['شماره', 'تلفن', 'دفتر', 'خانم', 'دکتر', 'شمس', 'فرد']",2
733,733,فلان استاد نمیتونه مباجث برسونه اخر ترم حجم کار میبره بالا,"['فلان', 'استاد', 'نمیتونه', 'مباجث', 'برسونه', 'اخر', 'ترم', 'حجم', 'کار', 'میبره', 'بالا']",4
734,734,لابی دانشکده کجاست؟,"['لابی', 'دانشکده', 'کجاست']",2
735,735,دانشگاه جمعه ها بازه یا نه؟,"['دانشگاه', 'جمعه\u200cها', 'بازه', 'نه']",5
736,736,آخرین مهلت نظر سنجی اساتید چه تاریخی است؟,"['آخرین', 'مهلت', 'نظر', 'سنجی', 'اساتید', 'تاریخی']",1
737,737,چه سالی هستیم الان به قمری؟,"['سالی', 'هستیم', 'الان', 'قمری']",5
738,738,بهترین استاد کامپیوتر کیست؟,"['بهترین', 'استاد', 'کامپیوتر', 'کیست']",2
739,739,بعضی اساتید رندوم نمره میدهند.,"['بعضی', 'اساتید', 'رندوم', 'نمره', 'میدهند']",4
740,740,مترو کجاست؟,"['مترو', 'کجاست']",2
741,741,آیا دانشگاه حمام دارد؟,"['دانشگاه', 'حمام', 'دارد']",2
742,742,معدلم تو ورودی ها چندمه؟,"['معدلم', 'ورودی\u200cها', 'چندمه']",5
743,743,افزایش سطح امکانات ازمایشگاه ها و کارگاه ها,"['افزایش', 'سطح', 'امکانات', 'ازمایشگاه\u200cها', 'کارگاه\u200cها']",4
744,744,تایم اتوبوس ها چیه؟,"['تایم', 'اتوبوس\u200cها']",4
745,745,برای کلاس درس ماژیک می خواهم.,"['کلاس', 'درس', 'ماژیک', 'می\u200cخواهم']",1
746,746,چرا بین کلاس ها تایم استراحت نداریم؟,"['بین', 'کلاس\u200cها', 'تایم', 'استراحت', 'نداریم']",4
747,747,اتاق 105 گچ نداره.,"['اتاق', '۱۰۵', 'گچ', 'نداره']",2
748,748,با چه معدلی مشروط میشوم؟,"['معدلی', 'مشروط', 'میشوم']",1
749,749,سقف تعداد واحد های قابل اخذ در هر ترم چقدر می باشد؟,"['سقف', 'تعداد', 'واحد\u200cهای', 'قابل', 'اخذ', 'در', 'ترم', 'می\u200cباشد']",1
750,750,کلاس درس پایگاه داده کجاست؟,"['کلاس', 'درس', 'پایگاه', 'داده', 'کجاست']",2
751,751,چجوری می تونم کارت کتابخونه رو بگیرم؟,"['چجوری', 'می\u200cتونم', 'کارت', 'کتابخونه', 'بگیرم']",3
752,752,حداکثر چند واحد می توانم حذف کنم؟,"['حداکثر', 'واحد', 'می\u200cتوانم', 'حذف', 'کنم']",1
753,753,رو سیستم ها لینوکس نصبه ؟,"['سیستم\u200cها', 'لینوکس', 'نصبه']",3
754,754,بوفه حقوق کجاست؟,"['بوفه', 'حقوق', 'کجاست']",2
755,755,ساعت برگزاری کلاس هوش مصنوعی کی میباشد؟,"['ساعت', 'برگزاری', 'کلاس', 'هوش', 'مصنوعی', 'میباشد']",2
756,756,دانشکده تا چه ساعتی باز است؟,"['دانشکده', 'ساعتی', 'باز']",2
757,757,آیا پنج شنبه ها دانشگاه تعطیله؟,"['پنج', 'شنبه\u200cها', 'دانشگاه', 'تعطیله']",2
758,758,آزمایشگاه شبکه کجاست؟,"['آزمایشگاه', 'شبکه', 'کجاست']",2
759,759,ترم تابستان از چه تاریخی آغاز میشود؟,"['ترم', 'تابستان', 'تاریخی', 'آغاز', 'میشود']",1
760,760,آلودگی امروز چجوریه؟,"['آلودگی', 'امروز', 'چجوریه']",5
761,761,مزایای ازدواج دانشجویی چیست؟,"['مزایای', 'ازدواج', 'دانشجویی', 'چیست']",1
